-- phpMyAdmin SQL Dump
-- version 4.0.10.1
-- http://www.phpmyadmin.net
--
-- Host: localhost
-- Generation Time: Aug 15, 2019 at 12:59 PM
-- Server version: 5.5.62-0ubuntu0.14.04.1
-- PHP Version: 5.5.9-1ubuntu4.29

SET SQL_MODE = "NO_AUTO_VALUE_ON_ZERO";
SET time_zone = "+00:00";


/*!40101 SET @OLD_CHARACTER_SET_CLIENT=@@CHARACTER_SET_CLIENT */;
/*!40101 SET @OLD_CHARACTER_SET_RESULTS=@@CHARACTER_SET_RESULTS */;
/*!40101 SET @OLD_COLLATION_CONNECTION=@@COLLATION_CONNECTION */;
/*!40101 SET NAMES utf8 */;

--
-- Database: `zadmin_uluslararasi`
--

-- --------------------------------------------------------

--
-- Table structure for table `acenta`
--

CREATE TABLE IF NOT EXISTS `acenta` (
  `adi` varchar(255) DEFAULT NULL,
  `acenta_kullanici_adi` varchar(255) CHARACTER SET utf8 COLLATE utf8_bin NOT NULL,
  `acenta_parola` varchar(255) CHARACTER SET utf8 COLLATE utf8_bin NOT NULL,
  `ulke` int(255) DEFAULT NULL,
  `sehir` varchar(255) CHARACTER SET utf8 COLLATE utf8_bin DEFAULT NULL,
  `tel1` varchar(255) DEFAULT NULL,
  `tel2` varchar(255) DEFAULT NULL,
  `durum` int(255) DEFAULT NULL,
  `acenta_id` int(255) NOT NULL AUTO_INCREMENT,
  `mail` varchar(50) NOT NULL,
  `zaman` datetime NOT NULL,
  `aciklama` text CHARACTER SET utf8 COLLATE utf8_bin NOT NULL,
  PRIMARY KEY (`acenta_id`)
) ENGINE=InnoDB  DEFAULT CHARSET=latin1 AUTO_INCREMENT=34 ;

--
-- Dumping data for table `acenta`
--

INSERT INTO `acenta` (`adi`, `acenta_kullanici_adi`, `acenta_parola`, `ulke`, `sehir`, `tel1`, `tel2`, `durum`, `acenta_id`, `mail`, `zaman`, `aciklama`) VALUES
('deneme acenta', 'acenta1', '123456', 1, '', '', '', 1, 1, '', '2018-11-10 05:23:32', ''),
('deneme acenta1', 'acenta1', '123456', 1, '', '', '', 2, 2, '', '2018-11-10 05:23:32', ''),
('acenta3', '', '', 3, 'siirt', '', '', 0, 3, '', '2018-11-10 13:58:14', 'sdfasdfasd'),
('sadsdfsd', '', '', 205, '', '', '', 2, 4, '', '2018-12-10 10:04:32', ''),
('SILK CONSULTANT ', '', '', 144, 'LAHORE', '+923214853948', '+924235467613', 2, 5, '', '2018-12-10 10:05:22', 'asa'),
('LORE LANGUAGE CENTER', '', '', 190, 'İSTANBUL', '+90 543 339 70 41', '', 2, 6, '', '2018-12-11 14:32:28', ''),
('Student Summit International', '', '', 75, 'Milton Keynes', '00447393602150', '', 2, 7, '', '2019-06-26 15:16:54', 'We represent top Universities and Colleges worldwide'),
('Adiuvo consultants', '', '', 144, 'Lahore', '03247668899', '', 2, 8, '', '2019-06-27 15:47:05', 'We''ve been working since 2016 we''ve 2 branches in Pakistan'),
('Study universty in turkey', '', '', 190, 'İstanbul', '+905367669348', '', 2, 9, '', '2019-06-29 15:07:36', 'Yurt dışı eğitim ve danışmanlık organizasyon'),
('sure success education consultancy', '', '', 15, 'dhaka', '008801684981818', '', 2, 10, '', '2019-07-01 12:13:58', 'At Sure Success Education Consultancy, we understand that each student has different academic and social background as well as his/her truly unique goals for studding overseas. Our objective is to assist them to select the most suitable course and institution based on their personal interests and academic achievement with consummate advice so that they can confidently continue to pursue their education goals with achievable success.'),
('The Best International Education Consultants', '', '', 144, 'Gujranwala', '00923007437406', '', 2, 11, '', '2019-07-01 12:15:12', '"The BEST International Education Consultants’ provide the highest quality of educational counseling services for students to make their dreams of studying abroad a reality. It is one of the leading and well reputed registered firms in Pakistan dealing in foreign education, immigration and career counseling and has vast experience in this field for recruitment of students in well reputed foreign universities and Institutes of various countries like Australia, UK, Canada, Cyprus, France, Hungary, Germany, Sweden, New Zealand, Ireland, China Kyrgyzstan, Malaysia etc since a decade.  Our survival revolves around our students.  Our services are included; Selection of Course of Choice, selection of University/Institute, Fast admission Process, Fee Installment Facility, Visa File Preparation, Tips for Visa Interview,  Travel Arrangement, Insurance Arrangement, Accommodation Arrangement, Pre-Departure and Post Arrival Guidance, Seminars for at the spot admissions, Classes for IELTS, English & Korean Language. Our accreditation are as under:  •	ICEF Agent  •	EuroAsia Agent .	Member of YEDAB, Turkey  AEO-Pakistan IELTS Partner Agent & IETLS Application Registration Center •	British Council IELTS Partner Agent & IETLS Application Registration Center •	•Member of WEBA World •	  •	Member of AFEIC-Gujranwala  •	Member of AFEIC-Pakistan  •	Representative of various Foreign Institutes of different countries .	Member of GCCI-Gujranwala"'),
('Books Embassy Nig. Ltd', '', '', 140, 'ABUJA', '08069649376', '', 2, 12, '', '2019-07-01 12:16:22', 'We are a full service Educational consultant registered in Nigeria. We partner with Universities in USA, UK, CANADA, TURKEY, CYPRUS, AUSTRALIA, GERMANY ETC to provide recruitment of quality students form Nigeria'),
('Crown International Education (Pvt) Ltd', '', '', 144, 'Peshawar', '00923005944580', '', 2, 13, '', '2019-07-01 12:17:49', 'CIE has been working since 2012 and have recruited hundreds of students in abroad'),
('Elm Gostaran Aran Institute (Aran Academy)', '', '', 76, 'Urmia- Tabriz', '+905345232817', '', 2, 14, '', '2019-07-01 12:18:56', 'Aran Academy'),
('Celtic Consultants', '', '', 144, 'Karachi', '+923008287679', '', 2, 15, '', '2019-07-01 12:20:59', 'Greetings from Celtic Consultants Celtic Consultants is one of the trusted name in the international student recruitment agencies in Pakistan. We have one decade of rich experience in offering professional consulting services by understanding client’s requirements and psychological needs of students and their families. We assist our client to offer the best study destination, study program, and the institution as per their budget.  Celtic Consultants operates by professional counselors that committed to give unbiased advice to our perspective clients and help them to achieve their ultimate objective.  Celtic Consultants considered as the first choice for the students desiring to chase their higher education abroad. Our services are aimed to give our clients reliable information with clear guidance.  We have 1 Branch in Harare, Zimbabwe, 5 branches in Pakistan in all major cities i.e.  Karachi, Hyderabad, Sahiwal, Lahore, and Islamabad. We are assisting our clients from around the globe. We also have many sub-agents across Pakistan. '),
('Global Connect Travel Concept', '', '', 140, 'Ibadan ', '2348034029684', '', 2, 16, '', '2019-07-01 12:21:58', 'We embrace every good research works fit for applications and bring them to where it is most needed. We also offer free counseling as part of our good services to people that want to study and travel abroad but are tangled on where to go and how to go about it.   Our core area of focus includes dedicated student couselling, student admission processing, student visa support & assistance, pre departure briefing'),
('CONZEPT CONNECTION', '', '', 144, 'Karachi', '2348034029684', '', 2, 17, '', '2019-07-01 12:26:19', 'Conzept Connection is an International Education Consultancy & Career Counseling Company in Pakistan, we are providing study abroad services for Bachelors & Master Programs, we are committed to excellence providing more than education with our quality career counseling and multiple options of study abroad.'),
('AK Consultants', '', '', 144, 'Islamabad', '00923139858766', '', 2, 18, '', '2019-07-01 12:42:50', 'AK Consultants is  a foreign education agency based in Islamabad for the last 9 nine years recruiting students for partner institution around the  globe.'),
('DCS EDUCARE (PVT) LTD ', '', '', 15, 'DHAKA', '+8801717070812', '', 2, 19, '', '2019-07-01 12:43:32', 'EDUCATION CONSULTING FIRM '),
('DOSFOT LIMITED', '', '', 140, 'ABUJA', '+2347038375584', '', 2, 20, '', '2019-07-01 12:44:48', 'Student recruitment agency with over 10 years experience and we work with state government who wants to send their indigenes to study abroad on scholarship.'),
('S & D Daniels limited', '', '', 140, 'ABUJA', '+2348074631470', '', 2, 21, '', '2019-07-01 12:45:35', 'Recruitment training and management agency. We also help with the visa processing of students and flight reservation'),
('World Gate Educational Services', '', '', 23, 'Sharjah', '00971545825833', '', 0, 22, '', '2019-07-01 12:46:09', '"WORLD GATE EDUCATIONAL SERVICES (WGES) is a legal entity incorporated and registered in Northern Cyprus in the year 2013. It also has an office in the United Arab Emirates. Because of the professionalism of its staff and distinct educational placement services, WGES has become a preferred partner for universities worldwide, as well as, ministries of education and\r\nforeign consulates in the MENA region. At WGES, we adhere to the highest international professional standards in the provision of educational admissions services while taking into consideration the cultural peculiarities of the MENA region.\r\nOur educational admissions services are designed to help you optimize your opportunities for success in today competitive academic and vocational environments. We facilitate educational admissions opportunities by offering students the chance to choose from a variety of programs and/or disciplines that cater to the demands of today’s dynamic job market. WGES maintains high professional standard and total quality management principles in all aspects of its dealings and work processes to guarantee customer satisfaction."'),
('????? ?????? ?????????  Arakan ?nsani Yard?m Derne?i', '', '', 190, 'Istanbul', '00905541720045', '', 0, 23, '', '2019-07-01 12:46:49', '"\r\nهي منظمة تعنى بشؤون الشعب الروهنغي وتقديم الدعم والمساندة اللازمين له في كافة مناطق تواجدهم\r\nوتعمل على تقديم المساعدات في كافة المجالات الإغاثية والتعليمية والصحية."'),
('FUTURE & SUCCESS CONSULTANTS PVT LTD', '', '', 144, 'RAWALPINDI / ISLAMABAD', '+923335318010', '', 2, 24, '', '2019-07-01 12:47:32', '"Future & Success (FnS) Consultants (Pvt) Ltd, is an innovative and leading worldwide foreign education consultancy firm for career counseling, admission guidance, professional qualification with foreign university courses & degree programmes, since last 10 years with excellence at substantially lower cost.\r\nIn these days education is more precious assets for any person and nation. Our effort is to establish an exclusive and dynamic career builder education consultancy firm, with new vision of time and quest of excellence in abroad study.\r\nWe are authorized representative of many leading universities / colleges of United Kingdom, Australia, USA, Canada, Ireland, Turkey, Turkish Cyprus, Cyprus, Hungary, Malaysia, UAE, and China. Thus we offer wide range of choices for course of study, fees, locations etc.\r\n"'),
('Joji Higher Education Services (SMC-PVT) Ltd', '', '', 144, 'Karachi', '00923128765598', '', 2, 25, '', '2019-07-03 12:37:10', ''),
('KCSC - Kuwait', '', '', 102, 'Salmiya', '+96596953000', '', 2, 26, '', '2019-07-05 13:48:21', 'KCSC is a certified educational consultancy by the British Council and ICEF. We recruit students from Kuwait. Most of our students are Arabs who live in Kuwait. We have four offices in Kuwait in 3 cities. We offer free services to our students and help them from A to Z with complete support till graduation. '),
('Future Falcon International Pvt Ltd.', '', '', 144, 'Lahore', '+923114647242', '', 2, 27, '', '2019-07-05 13:49:03', 'WE ARE Working as a education agent since 2004'),
('Foreign Education Group ', '', '', 144, 'Lahore', '03360445446', '', 2, 28, '', '2019-07-05 13:49:43', 'we are working here in Lahore and recruiting students for Sweden, Uk, Australia, and Turkish Cyprus   '),
('Foreign Education Group ', '', '', 144, 'Lahore', '03360445446', '', 2, 29, 'mansur@siirt.edu.tr', '2019-07-05 13:49:43', 'we are working here in Lahore and recruiting students for Sweden, Uk, Australia, and Turkish Cyprus   '),
('MERAJ International', '', '', 144, 'Lahore', '+92 321 4919293', '', 2, 30, 'info@meraj.pk', '2019-07-18 21:08:34', 'We are registered Educational Consultant in Pakistan trained and certified by British Council and ICEF Germany '),
('Pace-Up Consult', '', '', 59, 'ACRAA', '+233262786402', '', 2, 31, 'lesley@paceupconsult.com', '2019-07-18 21:09:39', 'Pace-Up is an Educational Travel consultancy committed to placing students a step ahead in their education. We connect them to Universities with courses tailored towards reaching their academic goals. Our highly skilled student advisers ensure a smooth and relaxed transition to achieving higher academic laurels. Pace-Up ensures there is always a possibility to add value to your education.'),
('IRA - Academy', '', '', 190, 'İstanbul', '00905466654040', '', 2, 32, 'gostudy@ira.academy', '2019-07-18 21:11:02', '"We also have the pleasure to cooperate with you in areas of common activities and interests, especially that IRA has so much potential that can provide a wide scope for joint cooperation, including:\r\n1- IRA website: which is one of the top 500 thousand websites worldwide.\r\n2- IRA accounts on the social networking sites (Facebook, Twitter, Instagram), with more than 270 thousand followers from countries all over the world, which constitutes a fertile soil for advertising the activities of your institution.\r\n3- IRA monthly seminars: IRA organizes a monthly seminar, where a selection of politicians and economists participate. IRA has so far organized 18 seminars that were broadcasted live by a number of satellite TV channels, with an average attendance of 75 guests in each seminar.\r\n4- IRA bi-monthly intellectual salon: which is dedicated to young people from all nationalities. These intellectual salons are organized at IRA headquarters in cooperation with a number of Arab and Turkish institutions, including Turkish Arab Media Association.\r\n5- Educational Programs: The International Relations Academy organizes a number of professional educational programs accredited by the Istanbul Sabahattin Zaim University, Turkey, where two programs are launched every month; and each program lasts for 4 months. Participants attend these programs at the IRA headquarters, and online through an electronic educational platform. The number of students that participated in IRA programs during the last two years reached 1200 students from 20 different countries.\r\n"'),
('overseas educational agency', '', '', 114, 'tripoli', '009613365025', '0096171038811', 2, 33, 'lebanon@igec.com.au', '2019-07-22 13:47:51', 'we are a consultant agency that helps students recruit in Universities abroad');

-- --------------------------------------------------------

--
-- Table structure for table `ayarlar`
--

CREATE TABLE IF NOT EXISTS `ayarlar` (
  `id` int(11) NOT NULL AUTO_INCREMENT,
  `parametre` varchar(255) CHARACTER SET utf8 COLLATE utf8_bin NOT NULL,
  `deger` varchar(255) CHARACTER SET utf8 COLLATE utf8_bin NOT NULL,
  PRIMARY KEY (`id`)
) ENGINE=InnoDB DEFAULT CHARSET=utf8 AUTO_INCREMENT=1 ;

-- --------------------------------------------------------

--
-- Table structure for table `basvuru_surec`
--

CREATE TABLE IF NOT EXISTS `basvuru_surec` (
  `surec_id` int(255) NOT NULL AUTO_INCREMENT,
  `o_id` int(255) DEFAULT NULL,
  `a_id` int(11) NOT NULL,
  `islem` text CHARACTER SET utf8 COLLATE utf8_bin,
  `zaman` datetime NOT NULL,
  PRIMARY KEY (`surec_id`)
) ENGINE=InnoDB  DEFAULT CHARSET=latin1 AUTO_INCREMENT=280 ;

--
-- Dumping data for table `basvuru_surec`
--

INSERT INTO `basvuru_surec` (`surec_id`, `o_id`, `a_id`, `islem`, `zaman`) VALUES
(44, 26, 1, 'Başvuru Yaptı', '2018-12-03 16:37:45'),
(45, 26, 1, 'International Students Office change student status -- transkript yok', '2018-12-03 16:39:09'),
(46, 26, 1, 'International Students Office change student status -- ', '2018-12-03 16:46:49'),
(47, 26, 1, 'Başvuru Yaptı', '2018-12-04 08:26:25'),
(48, 26, 1, 'International Students Office change student status -- ', '2018-12-04 08:28:53'),
(49, 26, 1, 'Başvuru Yaptı', '2018-12-04 08:30:17'),
(50, 26, 1, 'International Students Office change student status -- ', '2018-12-04 08:50:15'),
(51, 26, 1, ';Onaya Yollandı', '2018-12-04 09:03:57'),
(52, 26, 1, 'Tercih Yaptı', '2018-12-04 09:44:36'),
(53, 26, 1, ' Onaya Yollandı', '2018-12-04 09:44:51'),
(54, 28, 1, ' Apply to a program', '2019-01-02 13:53:46'),
(55, 28, 1, ' send to approval', '2019-01-02 14:33:27'),
(56, 29, 1, ' Apply to a program', '2019-06-21 12:44:42'),
(57, 29, 1, ' send to approval', '2019-06-21 12:45:13'),
(58, 30, 2, ' Apply to a program', '2019-06-24 16:07:00'),
(59, 32, 5, ' Apply to a program', '2019-06-26 16:07:10'),
(60, 32, 5, ' send to approval', '2019-06-26 16:15:14'),
(61, 33, 5, ' Apply to a program', '2019-06-26 16:26:42'),
(62, 33, 5, ' send to approval', '2019-06-26 16:26:53'),
(63, 34, 5, ' Apply to a program', '2019-06-26 17:22:06'),
(64, 34, 5, ' send to approval', '2019-06-26 17:22:29'),
(65, 37, 2, ' Apply to a program', '2019-06-28 16:16:28'),
(66, 37, 2, ' send to approval', '2019-06-28 16:16:32'),
(67, 38, 5, ' Apply to a program', '2019-06-29 08:59:03'),
(68, 38, 5, ' send to approval', '2019-06-29 08:59:12'),
(69, 39, 5, ' Apply to a program', '2019-06-29 09:16:39'),
(70, 39, 5, ' send to approval', '2019-06-29 09:16:43'),
(71, 40, 9, ' Apply to a program', '2019-06-29 15:20:14'),
(72, 40, 9, ' send to approval', '2019-06-29 15:20:45'),
(73, 42, 19, ' Apply to a program', '2019-07-01 14:04:25'),
(74, 42, 19, ' send to approval', '2019-07-01 14:05:09'),
(75, 43, 15, ' Apply to a program', '2019-07-01 14:29:03'),
(76, 43, 15, ' send to approval', '2019-07-01 14:38:28'),
(77, 45, 15, ' Apply to a program', '2019-07-01 18:20:55'),
(78, 45, 15, ' send to approval', '2019-07-01 18:22:40'),
(79, 46, 15, ' Apply to a program', '2019-07-01 18:39:39'),
(80, 46, 15, ' send to approval', '2019-07-01 18:39:42'),
(81, 51, 15, ' Apply to a program', '2019-07-01 21:06:19'),
(82, 51, 15, ' send to approval', '2019-07-01 21:06:23'),
(83, 52, 15, ' Apply to a program', '2019-07-01 21:13:48'),
(84, 52, 15, ' send to approval', '2019-07-01 21:13:51'),
(85, 53, 5, ' Apply to a program', '2019-07-02 11:04:21'),
(86, 53, 5, ' send to approval', '2019-07-02 11:04:25'),
(87, 36, 8, ' Apply to a program', '2019-07-02 15:02:26'),
(88, 36, 8, ' send to approval', '2019-07-02 15:02:42'),
(89, 54, 25, ' Apply to a program', '2019-07-03 14:36:22'),
(90, 55, 25, ' Apply to a program', '2019-07-04 11:00:47'),
(91, 55, 25, ' send to approval', '2019-07-04 11:07:28'),
(92, 54, 25, ' send to approval', '2019-07-04 11:07:32'),
(93, 50, 23, ' Apply to a program', '2019-07-04 14:07:27'),
(94, 50, 23, ' send to approval', '2019-07-04 14:08:18'),
(95, 33, 5, 'International Students Office change student status -- GPA is less than %60 ...', '2019-07-05 14:07:48'),
(96, 38, 5, 'International Students Office change student status -- GPA is less than 60%', '2019-07-05 15:00:31'),
(97, 39, 5, 'International Students Office change student status -- GPA is lower than 60%', '2019-07-05 15:02:19'),
(98, 43, 15, 'International Students Office change student status -- GPA is not sufficent for the desired programme...', '2019-07-05 15:47:24'),
(99, 45, 15, 'International Students Office change student status -- GPA is lower than 60%', '2019-07-05 15:48:59'),
(100, 45, 15, 'International Students Office change student status -- GPA is lower than 60%', '2019-07-05 15:48:59'),
(101, 52, 15, 'International Students Office change student status -- GPA is lower than 60%', '2019-07-05 16:01:31'),
(102, 45, 15, ' send to approval', '2019-07-06 03:45:04'),
(103, 52, 15, ' send to approval', '2019-07-06 03:45:06'),
(104, 43, 15, ' send to approval', '2019-07-06 03:45:07'),
(105, 59, 15, ' Apply to a program', '2019-07-06 03:51:33'),
(106, 59, 15, ' send to approval', '2019-07-06 03:51:38'),
(107, 60, 19, ' Apply to a program', '2019-07-07 11:38:55'),
(108, 60, 19, ' send to approval', '2019-07-07 11:39:03'),
(109, 41, 0, 'International Students Office change student status -- ', '2019-07-08 10:47:27'),
(110, 61, 2, 'International Students Office change student status -- ', '2019-07-08 13:12:24'),
(111, 61, 2, 'International Students Office change student status -- ', '2019-07-08 13:14:55'),
(112, 41, 0, 'International Students Office change student status -- ', '2019-07-08 13:17:36'),
(113, 41, 0, 'International Students Office change student status -- ', '2019-07-08 14:08:22'),
(114, 62, 21, ' Apply to a program', '2019-07-08 15:48:59'),
(115, 62, 21, ' send to approval', '2019-07-08 15:49:16'),
(116, 63, 21, ' Apply to a program', '2019-07-09 16:30:48'),
(117, 63, 21, ' send to approval', '2019-07-09 16:31:41'),
(118, 64, 7, ' Apply to a program', '2019-07-09 20:26:30'),
(119, 65, 5, ' Apply to a program', '2019-07-10 11:27:28'),
(120, 65, 5, ' send to approval', '2019-07-10 11:27:48'),
(121, 66, 12, ' Apply to a program', '2019-07-10 18:48:55'),
(122, 66, 12, ' send to approval', '2019-07-10 18:49:17'),
(123, 67, 12, ' Apply to a program', '2019-07-10 19:17:10'),
(124, 67, 12, ' send to approval', '2019-07-10 19:17:22'),
(125, 68, 7, ' Apply to a program', '2019-07-16 23:34:15'),
(126, 69, 21, ' Apply to a program', '2019-07-17 14:03:29'),
(127, 69, 21, ' send to approval', '2019-07-17 14:03:46'),
(128, 70, 10, ' Apply to a program', '2019-07-18 14:39:17'),
(129, 71, 31, ' Apply to a program', '2019-07-18 23:29:08'),
(130, 72, 5, ' Apply to a program', '2019-07-19 09:50:15'),
(131, 73, 5, ' Apply to a program', '2019-07-19 10:17:44'),
(132, 71, 31, ' send to approval', '2019-07-19 17:38:27'),
(133, 74, 10, ' Apply to a program', '2019-07-20 12:02:05'),
(134, 74, 10, ' send to approval', '2019-07-20 12:02:14'),
(135, 70, 10, ' send to approval', '2019-07-20 12:02:23'),
(136, 52, 15, 'International Students Office change student status -- GPA is lower than %60', '2019-07-20 14:01:18'),
(137, 59, 15, 'International Students Office change student status -- GPA is lower than %60 ', '2019-07-20 14:31:21'),
(138, 75, 10, ' Apply to a program', '2019-07-21 16:49:10'),
(139, 75, 10, ' send to approval', '2019-07-21 16:49:33'),
(140, 49, 23, ' Apply to a program', '2019-07-21 18:20:57'),
(141, 49, 23, ' send to approval', '2019-07-21 18:21:09'),
(142, 79, 23, ' Apply to a program', '2019-07-21 19:03:03'),
(143, 79, 23, ' send to approval', '2019-07-21 19:03:11'),
(144, 56, 23, ' Apply to a program', '2019-07-21 19:11:34'),
(145, 56, 23, ' send to approval', '2019-07-21 19:11:38'),
(146, 48, 23, ' Apply to a program', '2019-07-21 19:28:38'),
(147, 48, 23, ' send to approval', '2019-07-21 19:28:44'),
(148, 58, 23, ' Apply to a program', '2019-07-21 19:36:51'),
(149, 58, 23, ' send to approval', '2019-07-21 19:37:07'),
(150, 80, 33, ' Apply to a program', '2019-07-22 15:46:23'),
(151, 80, 33, ' send to approval', '2019-07-22 15:46:30'),
(152, 82, 23, ' Apply to a program', '2019-07-22 18:27:23'),
(153, 82, 23, ' send to approval', '2019-07-22 18:27:28'),
(154, 81, 23, ' Apply to a program', '2019-07-22 18:54:57'),
(155, 81, 23, ' send to approval', '2019-07-22 18:55:10'),
(156, 85, 23, ' Apply to a program', '2019-07-22 19:46:31'),
(157, 85, 23, ' send to approval', '2019-07-22 19:46:58'),
(158, 78, 21, ' Apply to a program', '2019-07-23 08:54:39'),
(159, 78, 21, ' send to approval', '2019-07-23 09:36:48'),
(160, 86, 21, ' Apply to a program', '2019-07-23 09:53:13'),
(161, 86, 21, ' send to approval', '2019-07-23 09:53:20'),
(162, 77, 23, ' Apply to a program', '2019-07-23 16:13:31'),
(163, 77, 23, ' send to approval', '2019-07-23 16:14:49'),
(164, 88, 22, ' Apply to a program', '2019-07-23 17:11:20'),
(165, 88, 22, ' send to approval', '2019-07-23 17:11:33'),
(166, 89, 31, ' Apply to a program', '2019-07-24 01:16:13'),
(167, 89, 31, ' send to approval', '2019-07-24 01:18:49'),
(168, 87, 23, ' Apply to a program', '2019-07-24 12:35:10'),
(169, 87, 23, ' send to approval', '2019-07-24 12:36:17'),
(170, 90, 10, ' Apply to a program', '2019-07-24 13:18:36'),
(171, 90, 10, ' send to approval', '2019-07-24 13:18:39'),
(172, 91, 10, ' Apply to a program', '2019-07-24 13:23:32'),
(173, 91, 10, ' send to approval', '2019-07-24 13:23:34'),
(174, 83, 23, ' Apply to a program', '2019-07-24 13:32:47'),
(175, 83, 23, ' send to approval', '2019-07-24 13:33:48'),
(176, 92, 23, ' Apply to a program', '2019-07-24 13:53:21'),
(177, 92, 23, ' send to approval', '2019-07-24 13:53:24'),
(178, 73, 5, ' send to approval', '2019-07-24 14:02:50'),
(179, 72, 5, ' send to approval', '2019-07-24 14:03:00'),
(180, 93, 22, ' Apply to a program', '2019-07-25 17:03:01'),
(181, 93, 22, ' send to approval', '2019-07-25 17:03:15'),
(182, 94, 15, ' Apply to a program', '2019-07-25 20:43:03'),
(183, 94, 15, ' send to approval', '2019-07-25 20:47:02'),
(184, 95, 15, ' Apply to a program', '2019-07-25 22:23:14'),
(185, 95, 15, ' send to approval', '2019-07-25 22:23:24'),
(186, 96, 15, ' Apply to a program', '2019-07-26 20:02:35'),
(187, 96, 15, ' send to approval', '2019-07-26 20:02:43'),
(188, 97, 15, ' Apply to a program', '2019-07-26 20:29:56'),
(189, 97, 15, ' send to approval', '2019-07-26 20:29:58'),
(190, 98, 15, ' Apply to a program', '2019-07-26 21:03:59'),
(191, 98, 15, ' send to approval', '2019-07-26 21:04:13'),
(192, 99, 15, ' Apply to a program', '2019-07-27 17:18:40'),
(193, 99, 15, ' send to approval', '2019-07-27 17:18:44'),
(194, 100, 15, ' Apply to a program', '2019-07-27 17:45:01'),
(195, 100, 15, ' send to approval', '2019-07-27 17:45:08'),
(196, 101, 15, ' Apply to a program', '2019-07-27 18:25:45'),
(197, 101, 15, ' send to approval', '2019-07-27 18:25:47'),
(198, 103, 15, ' Apply to a program', '2019-07-27 19:26:59'),
(199, 103, 15, ' send to approval', '2019-07-27 19:27:16'),
(200, 102, 15, ' Apply to a program', '2019-07-27 20:23:08'),
(201, 102, 15, ' send to approval', '2019-07-27 20:23:14'),
(202, 104, 15, ' Apply to a program', '2019-07-27 20:47:46'),
(203, 104, 15, ' send to approval', '2019-07-27 20:47:50'),
(204, 105, 15, ' Apply to a program', '2019-07-27 22:36:18'),
(205, 105, 15, ' send to approval', '2019-07-27 22:36:21'),
(206, 106, 15, ' Apply to a program', '2019-07-27 22:41:13'),
(207, 106, 15, ' send to approval', '2019-07-27 22:41:15'),
(208, 107, 10, ' Apply to a program', '2019-07-28 11:00:22'),
(209, 107, 10, ' send to approval', '2019-07-28 11:00:24'),
(210, 108, 10, ' Apply to a program', '2019-07-28 11:10:04'),
(211, 108, 10, ' send to approval', '2019-07-28 11:10:08'),
(212, 109, 10, ' Apply to a program', '2019-07-28 11:38:15'),
(213, 109, 10, ' send to approval', '2019-07-28 11:38:17'),
(214, 110, 10, ' Apply to a program', '2019-07-28 12:42:02'),
(215, 110, 10, ' send to approval', '2019-07-28 12:42:04'),
(216, 111, 10, ' Apply to a program', '2019-07-28 15:53:11'),
(217, 111, 10, ' send to approval', '2019-07-28 15:53:15'),
(218, 112, 23, ' Apply to a program', '2019-07-29 21:32:41'),
(219, 112, 23, ' send to approval', '2019-07-29 21:32:54'),
(220, 113, 31, ' Apply to a program', '2019-07-30 10:35:31'),
(221, 113, 31, ' send to approval', '2019-07-30 10:35:50'),
(222, 114, 23, ' Apply to a program', '2019-07-31 17:42:23'),
(223, 114, 23, ' send to approval', '2019-07-31 17:42:27'),
(224, 115, 23, ' Apply to a program', '2019-07-31 17:50:21'),
(225, 115, 23, ' send to approval', '2019-07-31 17:50:26'),
(226, 116, 23, ' Apply to a program', '2019-07-31 18:40:25'),
(227, 116, 23, ' send to approval', '2019-07-31 18:40:29'),
(228, 117, 23, ' Apply to a program', '2019-08-01 20:28:09'),
(229, 117, 23, ' send to approval', '2019-08-01 20:28:12'),
(230, 118, 23, ' Apply to a program', '2019-08-03 17:51:32'),
(231, 118, 23, ' send to approval', '2019-08-03 17:52:25'),
(232, 118, 23, ' send to approval', '2019-08-03 17:52:25'),
(233, 118, 23, ' send to approval', '2019-08-03 17:52:25'),
(234, 118, 23, ' send to approval', '2019-08-03 17:52:25'),
(235, 119, 23, ' Apply to a program', '2019-08-04 05:27:37'),
(236, 119, 23, ' send to approval', '2019-08-04 05:28:44'),
(237, 120, 23, ' Apply to a program', '2019-08-04 19:54:20'),
(238, 120, 23, ' send to approval', '2019-08-04 19:54:26'),
(239, 121, 23, ' Apply to a program', '2019-08-04 20:05:53'),
(240, 121, 23, ' send to approval', '2019-08-04 20:06:45'),
(241, 122, 23, ' Apply to a program', '2019-08-04 20:42:48'),
(242, 122, 23, ' send to approval', '2019-08-04 20:42:50'),
(243, 123, 23, ' Apply to a program', '2019-08-05 17:16:26'),
(244, 123, 23, ' send to approval', '2019-08-05 17:16:29'),
(245, 124, 25, ' Apply to a program', '2019-08-06 18:31:26'),
(246, 124, 25, ' send to approval', '2019-08-06 18:32:39'),
(247, 125, 23, ' Apply to a program', '2019-08-07 13:02:00'),
(248, 125, 23, ' send to approval', '2019-08-07 13:02:02'),
(249, 126, 23, ' Apply to a program', '2019-08-07 13:16:34'),
(250, 126, 23, ' send to approval', '2019-08-07 13:16:35'),
(251, 127, 23, ' Apply to a program', '2019-08-07 13:34:06'),
(252, 127, 23, ' send to approval', '2019-08-07 13:34:07'),
(253, 124, 25, 'International Students Office change student status -- GPA is lower than %60 ', '2019-08-07 14:28:32'),
(254, 113, 31, 'International Students Office change student status -- The programme was closed by Higher Education Council of Turkey, If u want we can give acceptance for Turkish programme in econmics', '2019-08-07 14:37:34'),
(255, 111, 10, 'International Students Office change student status -- The program was closed by the Higher Education Council of Turkey... If the student wants we can accept for Turkish Program in Economics', '2019-08-07 14:50:42'),
(256, 113, 31, ' send to approval', '2019-08-07 15:10:33'),
(257, 106, 15, 'International Students Office change student status -- The program was closed by The Hiher Education Coucil of Turkey. If Student wants we can accept for Turkish Programme...', '2019-08-07 15:51:06'),
(258, 104, 15, 'International Students Office change student status --  GPA is lower than %60 and irrelevant application according to the graduation area.', '2019-08-07 17:03:29'),
(259, 129, 23, ' Apply to a program', '2019-08-07 20:14:01'),
(260, 129, 23, ' send to approval', '2019-08-07 20:14:03'),
(261, 104, 15, ' send to approval', '2019-08-07 20:38:14'),
(262, 106, 15, ' send to approval', '2019-08-07 20:47:40'),
(263, 130, 31, ' Apply to a program', '2019-08-08 01:59:26'),
(264, 130, 31, ' send to approval', '2019-08-08 01:59:58'),
(265, 131, 15, ' Apply to a program', '2019-08-08 09:55:49'),
(266, 131, 15, ' send to approval', '2019-08-08 09:59:44'),
(267, 111, 10, ' send to approval', '2019-08-08 10:28:53'),
(268, 132, 15, ' Apply to a program', '2019-08-08 12:54:54'),
(269, 132, 15, ' send to approval', '2019-08-08 12:55:03'),
(270, 131, 15, 'International Students Office change student status -- GPA is lower than 60%', '2019-08-09 13:12:29'),
(271, 132, 15, 'International Students Office change student status -- GPA is lower than 60% 1', '2019-08-09 13:13:47'),
(272, 133, 23, ' Apply to a program', '2019-08-09 16:04:23'),
(273, 133, 23, ' send to approval', '2019-08-09 16:04:25'),
(274, 134, 23, ' Apply to a program', '2019-08-09 16:09:11'),
(275, 134, 23, ' send to approval', '2019-08-09 16:09:14'),
(276, 135, 23, ' Apply to a program', '2019-08-09 16:17:35'),
(277, 135, 23, ' send to approval', '2019-08-09 16:17:38'),
(278, 136, 23, ' Apply to a program', '2019-08-12 23:23:06'),
(279, 136, 23, ' send to approval', '2019-08-12 23:23:19');

-- --------------------------------------------------------

--
-- Table structure for table `belge_tipi`
--

CREATE TABLE IF NOT EXISTS `belge_tipi` (
  `id` int(11) NOT NULL AUTO_INCREMENT,
  `belge_adi` varchar(255) COLLATE utf8_bin NOT NULL,
  `durum` int(11) NOT NULL,
  PRIMARY KEY (`id`)
) ENGINE=InnoDB  DEFAULT CHARSET=utf8 COLLATE=utf8_bin AUTO_INCREMENT=5 ;

--
-- Dumping data for table `belge_tipi`
--

INSERT INTO `belge_tipi` (`id`, `belge_adi`, `durum`) VALUES
(1, 'Diploma', 1),
(2, 'Passaport', 1),
(3, 'Transcript', 1),
(4, 'Other', 1);

-- --------------------------------------------------------

--
-- Table structure for table `bolum`
--

CREATE TABLE IF NOT EXISTS `bolum` (
  `bolum_id` int(255) NOT NULL AUTO_INCREMENT,
  `bolum_adi` varchar(255) CHARACTER SET utf8 COLLATE utf8_bin DEFAULT NULL,
  `f_id` int(255) DEFAULT NULL,
  `bolum_durum` int(255) DEFAULT NULL,
  `egitim_sure` varchar(10) CHARACTER SET utf8 COLLATE utf8_bin NOT NULL,
  `egitim_dili` varchar(255) CHARACTER SET utf8 COLLATE utf8_bin NOT NULL,
  `aciklama` text CHARACTER SET utf8 COLLATE utf8_bin NOT NULL,
  `ucreti` varchar(255) NOT NULL,
  PRIMARY KEY (`bolum_id`)
) ENGINE=InnoDB  DEFAULT CHARSET=latin1 AUTO_INCREMENT=110 ;

--
-- Dumping data for table `bolum`
--

INSERT INTO `bolum` (`bolum_id`, `bolum_adi`, `f_id`, `bolum_durum`, `egitim_sure`, `egitim_dili`, `aciklama`, `ucreti`) VALUES
(7, 'Field Crops', 28, 2, '4', 'Turkish', 'https://obs.siirt.edu.tr/oibs/bologna/', '200 $ (per a term)'),
(8, 'Electric Electronic Engineering', 28, 2, '4', 'Turkish', 'https://obs.siirt.edu.tr/oibs/bologna/', '200 $ (per a term)'),
(9, 'Chemistry Engineering', 28, 2, '4', 'Turkish', 'https://obs.siirt.edu.tr/oibs/bologna/', '200 $ (per a term)'),
(10, 'Management of Education', 27, 2, '4', 'Turkish', 'https://obs.siirt.edu.tr/oibs/bologna/', '200 $ (per a term)'),
(11, 'Economy ', 27, 2, '4', 'Turkish', 'https://obs.siirt.edu.tr/oibs/bologna/', '200 $ (per a term)'),
(12, 'Islamology', 27, 2, '4', 'Turkish', 'https://obs.siirt.edu.tr/oibs/bologna/', '200 $ (per a term)'),
(13, 'Veterinary Internal Diseases ', 26, 2, '4', 'Turkish', 'https://obs.siirt.edu.tr/oibs/bologna/', '200 $ (per a term)'),
(14, 'Economy of Regional Development', 25, 2, '2', 'Turkish', 'https://obs.siirt.edu.tr/oibs/bologna/', '200 $ (per a term)'),
(15, 'Educational Science', 25, 2, '2', 'Turkish', 'https://obs.siirt.edu.tr/oibs/bologna/', '200 $ (per a term)'),
(16, 'Management of Education', 25, 2, '2', 'Turkish', 'https://obs.siirt.edu.tr/oibs/bologna/', '200 $ (per a term)'),
(17, 'History', 25, 2, '2', 'Turkish', 'https://obs.siirt.edu.tr/oibs/bologna/', '200 $ (per a term)'),
(18, 'Islamology', 25, 0, '2', 'Turkish', 'https://obs.siirt.edu.tr/oibs/bologna/', '200 $ (per a term)'),
(19, 'Teaching of Turkish', 25, 2, '2', 'Turkish', 'https://obs.siirt.edu.tr/oibs/bologna/', '200 $ (per a term)'),
(20, 'Turkish Language and Literature', 25, 2, '2', 'Turkish', 'https://obs.siirt.edu.tr/oibs/bologna/', '200 $ (per a term)'),
(21, 'Horticulture', 24, 0, '2', 'Turkish', 'https://obs.siirt.edu.tr/oibs/bologna/', '200 $ (per a term)'),
(22, 'Field Crops', 24, 2, '2', 'Turkish', 'https://obs.siirt.edu.tr/oibs/bologna/', '200 $ (per a term)'),
(23, 'Zootechnics', 24, 2, '2', 'Turkish', 'https://obs.siirt.edu.tr/oibs/bologna/', '200 $ (per a term)'),
(24, 'Chemistry', 24, 2, '2', 'Turkish', 'https://obs.siirt.edu.tr/oibs/bologna/', '200 $ (per a term)'),
(25, 'Chemistry Engineering', 24, 2, '2', 'Turkish', 'https://obs.siirt.edu.tr/oibs/bologna/', '200 $ (per a term)'),
(26, 'Mathmematics', 24, 2, '2', 'Turkish', 'https://obs.siirt.edu.tr/oibs/bologna/', '200 $ (per a term)'),
(27, 'Mathematics Education', 24, 2, '2', 'Turkish', 'https://obs.siirt.edu.tr/oibs/bologna/', '200 $ (per a term)'),
(28, 'Biology', 24, 2, '2', 'Turkish', 'https://obs.siirt.edu.tr/oibs/bologna/', '200 $ (per a term)'),
(29, 'Food Engineering', 24, 2, '2', 'Turkish', 'https://obs.siirt.edu.tr/oibs/bologna/', '200 $ (per a term)'),
(30, 'Physic', 24, 2, '2', 'Turkish', 'https://obs.siirt.edu.tr/oibs/bologna/', '200 $ (per a term)'),
(31, 'Urban and Regional Planning', 24, 2, '2', 'Turkish', 'https://obs.siirt.edu.tr/oibs/bologna/', '200 $ (per a term)'),
(32, 'Electric Electronic Engineering', 24, 2, '2', 'Turkish', 'https://obs.siirt.edu.tr/oibs/bologna/', '200 $ (per a term)'),
(33, 'Urban Design ', 24, 2, '2', 'Turkish', 'https://obs.siirt.edu.tr/oibs/bologna/', '200 $ (per a term)'),
(34, 'Tourism and Travel Services', 23, 2, '', 'Turkish', 'https://obs.siirt.edu.tr/oibs/bologna/', '285,00 TRY'),
(35, 'Post Services', 23, 2, '2', 'Turkish', 'https://obs.siirt.edu.tr/oibs/bologna/', '285,00 TRY'),
(36, 'Public Finance', 23, 2, '2', 'Turkish', 'https://obs.siirt.edu.tr/oibs/bologna/', '285,00 TRY'),
(37, 'Foreign Trade', 23, 2, '2', 'Turkish', 'https://obs.siirt.edu.tr/oibs/bologna/', '285,00 TRY'),
(38, 'Banking ve Insurance', 23, 2, '2', 'Turkish', 'https://obs.siirt.edu.tr/oibs/bologna/', '285,00 TRY'),
(39, 'Social Services', 22, 2, '2', 'Turkish', 'https://obs.siirt.edu.tr/oibs/bologna/', '285,00 TRY'),
(40, 'Organic Agriculture', 22, 2, '2', 'Turkish', 'https://obs.siirt.edu.tr/oibs/bologna/', '285,00 TRY'),
(41, 'Child Development', 22, 2, '2', 'Turkish', 'https://obs.siirt.edu.tr/oibs/bologna/', '285,00 TRY'),
(42, 'Private Security and protection', 21, 2, '2', 'Turkish', 'https://obs.siirt.edu.tr/oibs/bologna/', '285,00 TRY'),
(43, 'Machinery', 21, 2, '2', 'Turkish', 'https://obs.siirt.edu.tr/oibs/bologna/', '285,00 TRY'),
(44, 'Chemical Technology', 21, 2, '2', 'Turkish', 'https://obs.siirt.edu.tr/oibs/bologna/', '285,00 TRY'),
(45, 'Construction Technology (Evening Programme)', 21, 2, '2', 'Turkish', 'https://obs.siirt.edu.tr/oibs/bologna/', '1155 TRY'),
(46, 'Construction Technology', 21, 2, '2', 'Turkish', 'https://obs.siirt.edu.tr/oibs/bologna/', '285,00 TRY'),
(47, 'Food Technology', 21, 2, '2', 'Turkish', 'https://obs.siirt.edu.tr/oibs/bologna/', '285,00 TRY'),
(48, 'Electricity', 21, 2, '2', 'Turkish', 'https://obs.siirt.edu.tr/oibs/bologna/', '285,00 TRY'),
(49, 'Computer Programming', 21, 2, '2', 'Turkish', 'https://obs.siirt.edu.tr/oibs/bologna/', '285,00 TRY'),
(50, 'Local Administrations', 19, 2, '2', 'Turkish', 'https://obs.siirt.edu.tr/oibs/bologna/', '285,00 TRY'),
(51, 'Applied English and Translation (English) (Evening Program )', 19, 2, '2', 'Turkish', 'https://obs.siirt.edu.tr/oibs/bologna/', '1155 TRY'),
(52, 'Applied English and Translation (English) ', 19, 2, '2', 'Turkish', 'https://obs.siirt.edu.tr/oibs/bologna/', '285,00 TRY'),
(53, 'Social Services (Evening Programe)', 19, 2, '2', 'Turkish', 'https://obs.siirt.edu.tr/oibs/bologna/', '1155 TRY'),
(54, 'Social Services', 19, 2, '2', 'Turkish', 'https://obs.siirt.edu.tr/oibs/bologna/', '285,00 TRY'),
(55, 'Accounting and Tax Applications', 19, 2, '2', 'Turkish', 'https://obs.siirt.edu.tr/oibs/bologna/', '285,00 TRY'),
(56, 'Business Administration', 19, 2, '2', 'Turkish', 'https://obs.siirt.edu.tr/oibs/bologna/', '285,00 TRY'),
(57, 'Traditional Crafts', 19, 2, '2', 'Turkish', 'https://obs.siirt.edu.tr/oibs/bologna/', '285,00 TRY'),
(58, 'Child Development (Evening Program)', 19, 2, '2', 'Turkish', 'https://obs.siirt.edu.tr/oibs/bologna/', '1155 TRY'),
(59, 'Child Development ', 19, 2, '2', 'Turkish', 'https://obs.siirt.edu.tr/oibs/bologna/', '285,00 TRY'),
(60, 'Call Center Services', 19, 2, '2', 'Turkish', 'https://obs.siirt.edu.tr/oibs/bologna/', '285,00 TRY'),
(61, 'Office Management and Executive Assistant (Evening Program)', 19, 2, '2', 'Turkish', 'https://obs.siirt.edu.tr/oibs/bologna/', '1155 TRY'),
(62, 'Office Management and Executive Assistant ', 19, 2, '2', 'Turkish', 'https://obs.siirt.edu.tr/oibs/bologna/', '1155 TRY'),
(63, 'Culinary', 19, 2, '2', 'Turkish', 'https://obs.siirt.edu.tr/oibs/bologna/', '285,00 TRY'),
(64, 'Medical Laboratory Techniques (Evening Program)', 18, 2, '2', 'Turkish', 'https://obs.siirt.edu.tr/oibs/bologna/', '1155 TRY'),
(65, 'Medical Laboratory Techniques ', 18, 2, '2', 'Turkish', 'https://obs.siirt.edu.tr/oibs/bologna/', '285,00 TRY'),
(66, 'Medical Imaging Techniques (Evening Program)', 18, 2, '2', 'Turkish', 'https://obs.siirt.edu.tr/oibs/bologna/', '1155 TRY'),
(67, 'Medical Imaging Techniques', 18, 2, '2', 'Turkish', 'https://obs.siirt.edu.tr/oibs/bologna/', '285,00 TRY'),
(68, 'Medical Documentation and Secretarial (Evening Programe )', 18, 2, '2', 'Turkish', 'https://obs.siirt.edu.tr/oibs/bologna/', '1155 TRY'),
(69, 'Medical Documentation and Secretarial ', 18, 2, '2', 'Turkish', 'https://obs.siirt.edu.tr/oibs/bologna/', '285,00 TRY'),
(70, 'Physiotherapy', 18, 2, '2', 'Turkish', 'https://obs.siirt.edu.tr/oibs/bologna/', '285,00 TRY'),
(71, 'First Aid and Emergency (Evening Program)', 18, 2, '2', 'Turkish', 'https://obs.siirt.edu.tr/oibs/bologna/', '1155 TRY'),
(72, 'First Aid and Emergency ', 18, 2, '2', 'Turkish', 'https://obs.siirt.edu.tr/oibs/bologna/', '285,00 TRY'),
(73, 'Sports Management', 16, 2, '4', 'Turkish', 'https://obs.siirt.edu.tr/oibs/bologna/', '285,00 TRY'),
(74, 'Teacher Training in Physical Education and Sports', 16, 2, '4', 'Turkish', 'https://obs.siirt.edu.tr/oibs/bologna/', '285,00 TRY'),
(75, 'Coaching Education', 16, 2, '4', 'Turkish', 'https://obs.siirt.edu.tr/oibs/bologna/', '285,00 TRY'),
(76, 'Translation and Interpretation (English)', 15, 2, '4', 'Turkish-English', 'https://obs.siirt.edu.tr/oibs/bologna/', '426,00 TRY'),
(77, 'Work Health and Safety', 14, 2, '4', 'Turkish', 'https://obs.siirt.edu.tr/oibs/bologna/', '285,00 TRY'),
(78, 'Nursing', 14, 2, '4', 'Turkish', 'https://obs.siirt.edu.tr/oibs/bologna/', '285,00 TRY'),
(79, 'Nursing (Evening Program)', 14, 2, '4', 'Turkish', 'https://obs.siirt.edu.tr/oibs/bologna/', '1734,00 TRY'),
(80, 'Landscape Architecture', 13, 2, '4', 'Turkish', 'https://obs.siirt.edu.tr/oibs/bologna/', '580,50 TRY'),
(81, 'Field Crops', 13, 2, '4', 'Turkish', 'https://obs.siirt.edu.tr/oibs/bologna/', '580,50 TRY'),
(82, 'Agricultural Bio-tecnology', 13, 2, '4', 'Turkish', 'https://obs.siirt.edu.tr/oibs/bologna/', '580,50 TRY'),
(83, 'Agricultural Economy', 13, 2, '4', 'Turkish', 'https://obs.siirt.edu.tr/oibs/bologna/', '580,50 TRY'),
(84, 'Biosystem Engineering', 13, 2, '4', 'Turkish', 'https://obs.siirt.edu.tr/oibs/bologna/', '580,50 TRY'),
(85, 'Plant Protection', 13, 2, '4', 'Turkish', 'https://obs.siirt.edu.tr/oibs/bologna/', '580,50 TRY'),
(86, 'Horticulture', 13, 2, '4', 'Turkish', 'https://obs.siirt.edu.tr/oibs/bologna/', '580,50 TRY'),
(87, 'Veterinary', 12, 2, '4', 'Turkish', 'https://obs.siirt.edu.tr/oibs/bologna/', '579,00 TRY'),
(88, 'Construction Engineering', 11, 2, '4', 'Turkish', 'https://obs.siirt.edu.tr/oibs/bologna/', '582,00 TRY'),
(89, 'Mechanical Engineering', 11, 2, '4', 'Turkish', 'https://obs.siirt.edu.tr/oibs/bologna/', '582,00 TRY'),
(90, 'Food Engineering', 11, 2, '4', 'Turkish', 'https://obs.siirt.edu.tr/oibs/bologna/', '582,00 TRY'),
(91, 'Electrical & Electronic Engineering', 11, 2, '4', 'Turkish', 'https://obs.siirt.edu.tr/oibs/bologna/', '582,00 TRY'),
(92, 'Computer Engineering', 11, 2, '4', 'Turkish', 'https://obs.siirt.edu.tr/oibs/bologna/', '582,00 TRY'),
(93, 'Theology (Evening Program)', 10, 2, '4', 'Turkish', 'https://obs.siirt.edu.tr/oibs/bologna/', '1542,00 TRY'),
(94, 'Theology ', 10, 2, '4', 'Turkish', 'https://obs.siirt.edu.tr/oibs/bologna/', '426,00 TRY'),
(95, 'Architecture', 9, 2, '4', 'Turkish', 'https://obs.siirt.edu.tr/oibs/bologna/', '582,00 TRY'),
(96, 'Public Finance', 8, 2, '4', 'Turkish', 'https://obs.siirt.edu.tr/oibs/bologna/', '469,50  TRY'),
(97, 'Business Management', 8, 2, '4', 'Turkish', 'https://obs.siirt.edu.tr/oibs/bologna/', '469,50  TRY'),
(98, 'Economics', 8, 2, '4', 'Turkish', 'https://obs.siirt.edu.tr/oibs/bologna/', '426,00 TRY'),
(99, 'Economics (English )', 8, 2, '4', 'Turkish-English', 'https://obs.siirt.edu.tr/oibs/bologna/', '426,00 TRY'),
(100, 'Turkish Language and Literaturee', 7, 2, '4', 'Turkish', 'https://obs.siirt.edu.tr/oibs/bologna/', '426,00 TRY'),
(101, 'History', 7, 2, '4', 'Turkish', 'https://obs.siirt.edu.tr/oibs/bologna/', '426,00 TRY'),
(102, 'History (Evening Program)', 7, 2, '4', 'Turkish', 'https://obs.siirt.edu.tr/oibs/bologna/', '1443,00 TRY'),
(103, 'Sociology', 7, 2, '4', 'Turkish', 'https://obs.siirt.edu.tr/oibs/bologna/', '426,00 TRY'),
(104, 'Geography', 7, 2, '4', 'Turkish', 'https://obs.siirt.edu.tr/oibs/bologna/', '426,00 TRY'),
(105, 'Teacher Training in Turkish', 6, 2, '4', 'Turkish', 'https://obs.siirt.edu.tr/oibs/bologna/', '426,00 TRY'),
(106, 'Teacher Training in Social Studies', 6, 2, '4', 'Turkish', 'https://obs.siirt.edu.tr/oibs/bologna/', '426,00 TRY'),
(107, 'Teacher Training at Primary School Level', 6, 2, '4', 'Turkish', 'https://obs.siirt.edu.tr/oibs/bologna/', '426,00 TRY'),
(108, 'Teacher Training in Mathematics at Secondary School Level  ', 6, 2, '4', 'Turkish', 'https://obs.siirt.edu.tr/oibs/bologna/', '426,00 TRY'),
(109, 'Teacher Training in Sciences', 6, 2, '4', 'Turkish', 'https://obs.siirt.edu.tr/oibs/bologna/', '426,00 TRY');

-- --------------------------------------------------------

--
-- Table structure for table `bolum_durumlari`
--

CREATE TABLE IF NOT EXISTS `bolum_durumlari` (
  `bolum_durumlari_id` int(255) NOT NULL AUTO_INCREMENT,
  `bolum_durum_adi` varchar(255) CHARACTER SET utf8 COLLATE utf8_bin DEFAULT NULL,
  PRIMARY KEY (`bolum_durumlari_id`)
) ENGINE=InnoDB  DEFAULT CHARSET=latin1 AUTO_INCREMENT=3 ;

--
-- Dumping data for table `bolum_durumlari`
--

INSERT INTO `bolum_durumlari` (`bolum_durumlari_id`, `bolum_durum_adi`) VALUES
(1, 'Closed'),
(2, 'Open');

-- --------------------------------------------------------

--
-- Table structure for table `durumlar`
--

CREATE TABLE IF NOT EXISTS `durumlar` (
  `durum_id` int(255) NOT NULL AUTO_INCREMENT,
  `durum_adi` varchar(255) DEFAULT NULL,
  PRIMARY KEY (`durum_id`)
) ENGINE=InnoDB  DEFAULT CHARSET=latin1 AUTO_INCREMENT=3 ;

--
-- Dumping data for table `durumlar`
--

INSERT INTO `durumlar` (`durum_id`, `durum_adi`) VALUES
(1, 'Pasif'),
(2, ' Aktif');

-- --------------------------------------------------------

--
-- Table structure for table `fakulte`
--

CREATE TABLE IF NOT EXISTS `fakulte` (
  `fakulte_id` int(255) NOT NULL AUTO_INCREMENT,
  `fakulte_adi` varchar(255) DEFAULT NULL,
  `seviye` int(11) NOT NULL,
  PRIMARY KEY (`fakulte_id`)
) ENGINE=InnoDB  DEFAULT CHARSET=latin1 AUTO_INCREMENT=29 ;

--
-- Dumping data for table `fakulte`
--

INSERT INTO `fakulte` (`fakulte_id`, `fakulte_adi`, `seviye`) VALUES
(6, 'Faculty of Education', 2),
(7, 'Faculty of Sciences and Arts', 2),
(8, 'Faculty of Economics and Administrative Sciences', 2),
(9, 'Faculty of Fine Arts and Design', 2),
(10, 'Faculty of Theology', 2),
(11, 'Faculty of Engineering ', 2),
(12, 'Faculty of Veterinary Sciences ', 2),
(13, 'Faculty of Agriculture', 2),
(14, 'School of Health', 2),
(15, 'School of Foreign Languages', 2),
(16, 'School of Physical Education and Sports', 2),
(18, 'Vocational School of Health Services', 1),
(19, 'Vocational School of Social Sciences', 1),
(21, 'Technical Sciences Vocational School', 1),
(22, 'Eruh Vocational School ', 1),
(23, 'Kurtalan Vocational School ', 1),
(24, 'Institute of Science (Master)', 3),
(25, 'Institute of Social Science (Master)', 3),
(26, 'Institute of Health Science', 4),
(27, 'Institute of Social Science (Phd)', 4),
(28, '	Institute of Science (Phd)', 4);

-- --------------------------------------------------------

--
-- Table structure for table `files`
--

CREATE TABLE IF NOT EXISTS `files` (
  `id` int(11) NOT NULL AUTO_INCREMENT,
  `file_name` varchar(255) COLLATE utf8_unicode_ci NOT NULL,
  `uploaded_on` datetime NOT NULL,
  `status` enum('1','0') COLLATE utf8_unicode_ci NOT NULL DEFAULT '1' COMMENT '1=Active, 0=Inactive',
  `o_id` int(11) NOT NULL,
  `tipi` int(11) NOT NULL,
  `belge_tipi` int(11) NOT NULL,
  PRIMARY KEY (`id`)
) ENGINE=InnoDB  DEFAULT CHARSET=utf8 COLLATE=utf8_unicode_ci AUTO_INCREMENT=562 ;

--
-- Dumping data for table `files`
--

INSERT INTO `files` (`id`, `file_name`, `uploaded_on`, `status`, `o_id`, `tipi`, `belge_tipi`) VALUES
(67, '490970.pdf', '2018-12-03 16:45:41', '1', 26, 2, 0),
(68, '3676571.pdf', '2018-12-04 09:06:00', '1', 26, 1, 1),
(69, '4268531.pdf', '2018-12-04 09:42:52', '1', 26, 1, 3),
(70, '473422.pdf', '2018-12-04 09:43:55', '1', 26, 1, 2),
(71, '4734221.pdf', '2018-12-04 09:45:39', '1', 26, 2, 0),
(72, 'idaripermemank.pdf', '2019-01-02 13:49:57', '1', 28, 1, 1),
(73, 'AYBU-IPMA-27_04_2017.pdf', '2019-01-02 13:53:21', '1', 28, 1, 2),
(74, '5__Akademik_Personel_Anketi.pdf', '2019-01-02 14:34:45', '1', 28, 2, 0),
(75, 'mndt_000212.pdf', '2019-06-21 12:44:26', '1', 29, 1, 1),
(76, 'mndt_000213.pdf', '2019-06-21 12:47:53', '1', 29, 2, 0),
(77, 'mndt_0002121.pdf', '2019-06-24 16:06:41', '1', 30, 1, 1),
(78, 'SSC.jpeg', '2019-06-26 15:46:09', '1', 31, 1, 1),
(79, 'Passport.jpeg', '2019-06-26 15:46:29', '1', 31, 1, 2),
(80, 'SSC1.jpeg', '2019-06-26 15:46:49', '1', 31, 1, 3),
(81, 'Picture.jpeg', '2019-06-26 15:47:17', '1', 31, 1, 4),
(82, 'Polio_Certificate.jpeg', '2019-06-26 15:47:17', '1', 31, 1, 4),
(83, 'Diploma_1.JPG', '2019-06-26 16:03:06', '1', 32, 1, 1),
(84, 'Diploma_2.JPG', '2019-06-26 16:03:14', '1', 32, 1, 1),
(85, 'Passport.pdf', '2019-06-26 16:03:31', '1', 32, 1, 2),
(86, 'Applicant_NIC_with_Translation.pdf', '2019-06-26 16:06:20', '1', 32, 1, 4),
(87, 'Domicile.pdf', '2019-06-26 16:06:20', '1', 32, 1, 4),
(88, 'Educational.pdf', '2019-06-26 16:06:20', '1', 32, 1, 4),
(89, 'HSSC.jpeg', '2019-06-26 16:23:55', '1', 33, 1, 1),
(90, 'HSSC1.jpeg', '2019-06-26 16:24:12', '1', 33, 1, 3),
(91, 'Passport1.jpeg', '2019-06-26 16:24:38', '1', 33, 1, 2),
(92, 'FRC.jpeg', '2019-06-26 16:25:57', '1', 33, 1, 4),
(93, 'Picture1.jpeg', '2019-06-26 16:25:57', '1', 33, 1, 4),
(94, 'Police_certificate.jpeg', '2019-06-26 16:25:57', '1', 33, 1, 4),
(95, 'Polio_Certificate1.jpeg', '2019-06-26 16:25:57', '1', 33, 1, 4),
(96, 'SSC2.jpeg', '2019-06-26 16:25:57', '1', 33, 1, 4),
(97, 'B_TEC_DEGREE_2.jpg', '2019-06-26 17:12:45', '1', 34, 1, 1),
(98, 'B_TEC_DEGREE.jpg', '2019-06-26 17:13:02', '1', 34, 1, 3),
(99, 'PP.jpg', '2019-06-26 17:13:14', '1', 34, 1, 2),
(100, 'Abdullah_Ismail.jpg', '2019-06-26 17:13:53', '1', 34, 1, 4),
(101, 'BANK_LETTER.jpg', '2019-06-26 17:13:53', '1', 34, 1, 4),
(102, 'BANK_STATEMENT.jpg', '2019-06-26 17:13:53', '1', 34, 1, 4),
(103, 'online-Brosur.pdf', '2019-06-28 16:15:14', '1', 37, 1, 1),
(104, 'Passport1.pdf', '2019-06-29 08:57:41', '1', 38, 1, 2),
(105, 'HSSC.jpg', '2019-06-29 08:58:00', '1', 38, 1, 1),
(106, 'Id-card.pdf', '2019-06-29 08:58:26', '1', 38, 1, 4),
(107, 'Image.jpeg', '2019-06-29 08:58:26', '1', 38, 1, 4),
(108, 'SSC.jpg', '2019-06-29 08:58:26', '1', 38, 1, 4),
(109, 'Zain_Inter_Result_card.jpg', '2019-06-29 09:15:48', '1', 39, 1, 3),
(110, 'Zain_PP.jpg', '2019-06-29 09:16:03', '1', 39, 1, 2),
(111, 'Zain_ID.jpg', '2019-06-29 09:16:25', '1', 39, 1, 4),
(112, 'Zain_Matric_Result_card.jpg', '2019-06-29 09:16:25', '1', 39, 1, 4),
(113, 'Zain_PIC.jpg', '2019-06-29 09:16:25', '1', 39, 1, 4),
(114, 'online-Brosur1.pdf', '2019-06-29 15:19:47', '1', 40, 1, 1),
(115, 'online-Brosur2.pdf', '2019-06-29 15:21:36', '1', 40, 2, 0),
(116, 'Md_Sohel_Rana.pdf', '2019-07-01 14:01:14', '1', 42, 1, 1),
(117, 'HSSC_Certificate.jpg', '2019-07-01 14:20:18', '1', 43, 1, 1),
(118, 'HSSC_DMC.jpg', '2019-07-01 14:22:11', '1', 43, 1, 3),
(119, 'SSC_Certificate.jpeg', '2019-07-01 14:22:31', '1', 43, 1, 1),
(120, 'SSC_DMC.jpg', '2019-07-01 14:23:30', '1', 43, 1, 3),
(121, 'Reference_Letter_in_PDF.pdf', '2019-07-01 14:24:07', '1', 43, 1, 4),
(122, 'Passport_Page_1.jpg', '2019-07-01 14:25:39', '1', 43, 1, 2),
(123, 'FRC.jpg', '2019-07-01 14:26:59', '1', 43, 1, 4),
(124, 'Picture.jpg', '2019-07-01 14:27:57', '1', 43, 1, 4),
(125, 'HSC_MARK_SHEET_ADNAN_IMRAN.pdf', '2019-07-01 18:18:41', '1', 45, 1, 1),
(126, 'PASSPORT_ADNAN_IMRAN.jpeg', '2019-07-01 18:18:41', '1', 45, 1, 1),
(127, 'PICTURE_ADNAN_IMRAN.jpeg', '2019-07-01 18:18:41', '1', 45, 1, 1),
(128, 'SSC_CERTIFICATE_ADNAN_IMRAN.pdf', '2019-07-01 18:18:41', '1', 45, 1, 1),
(129, 'CNIC_1_ADNAN_IMRAN.pdf', '2019-07-01 18:19:24', '1', 45, 1, 1),
(130, 'Bachelors_Certificate.pdf', '2019-07-01 18:36:11', '1', 46, 1, 1),
(131, 'Bachelors_Transcript.pdf', '2019-07-01 18:36:11', '1', 46, 1, 1),
(132, 'HSC_Certificate.pdf', '2019-07-01 18:36:11', '1', 46, 1, 1),
(133, 'HSC_Transcript_Fahad_Sultan0001.pdf', '2019-07-01 18:36:11', '1', 46, 1, 1),
(134, 'Nic.pdf', '2019-07-01 18:36:11', '1', 46, 1, 1),
(135, 'Passport2.pdf', '2019-07-01 18:36:11', '1', 46, 1, 1),
(136, 'SSC_Certificate.pdf', '2019-07-01 18:36:11', '1', 46, 1, 1),
(137, 'SSC_TRANSCRIPT_FAHAD_SULTAN0001.pdf', '2019-07-01 18:36:11', '1', 46, 1, 1),
(138, 'PICTURE.jpg', '2019-07-01 18:36:19', '1', 46, 1, 1),
(139, 'B_COM_DEGREE0001.pdf', '2019-07-01 21:06:00', '1', 51, 1, 1),
(140, 'CERTIFICATE0001.pdf', '2019-07-01 21:06:00', '1', 51, 1, 1),
(141, 'CNIC_1.jpeg', '2019-07-01 21:06:00', '1', 51, 1, 1),
(142, 'CNIC_2.jpeg', '2019-07-01 21:06:00', '1', 51, 1, 1),
(143, 'HSC_CERTIFICATE0001.pdf', '2019-07-01 21:06:00', '1', 51, 1, 1),
(144, 'MASTER_OF_ARTS_IN_ECONOMICS0001.pdf', '2019-07-01 21:06:00', '1', 51, 1, 1),
(145, 'MASTER_OF_COMMERCE_DEGREE0001.pdf', '2019-07-01 21:06:00', '1', 51, 1, 1),
(146, 'PICTURE_SUMAIRA_MALIK0001.jpg', '2019-07-01 21:06:00', '1', 51, 1, 1),
(147, 'SSC_CERTIFICATE0001.pdf', '2019-07-01 21:06:00', '1', 51, 1, 1),
(148, 'CNIC_1.jpg', '2019-07-01 21:11:54', '1', 52, 1, 1),
(149, 'CNIC_2.jpg', '2019-07-01 21:11:54', '1', 52, 1, 1),
(150, 'HSC_CERTIFICATE_ATTESTED.pdf', '2019-07-01 21:11:54', '1', 52, 1, 1),
(151, 'HSC_TRANSCRIPT_ATTESTED.pdf', '2019-07-01 21:11:54', '1', 52, 1, 1),
(152, 'PASSPORT_SIRAJ_UL_HAQ.jpg', '2019-07-01 21:11:54', '1', 52, 1, 1),
(153, 'Picture_Siraj_ul_Haq.jpg', '2019-07-01 21:11:54', '1', 52, 1, 1),
(154, 'SSC_CERTIFICATE_ATTESTED.pdf', '2019-07-01 21:11:54', '1', 52, 1, 1),
(155, 'SSC_TRANSCRIPT_ATTESTED.PDF', '2019-07-01 21:11:54', '1', 52, 1, 1),
(156, 'Passport.JPG', '2019-07-02 10:59:57', '1', 53, 1, 2),
(157, 'MSC_transcript.JPG', '2019-07-02 11:00:43', '1', 53, 1, 3),
(158, 'BA_Degree.JPG', '2019-07-02 11:01:17', '1', 53, 1, 4),
(159, 'BA_Transcript.JPG', '2019-07-02 11:01:17', '1', 53, 1, 4),
(160, 'HSSC.JPG', '2019-07-02 11:01:17', '1', 53, 1, 4),
(161, 'ID_card_Back.JPG', '2019-07-02 11:01:17', '1', 53, 1, 4),
(162, 'ID_card_Front.JPG', '2019-07-02 11:01:17', '1', 53, 1, 4),
(163, 'SSC.JPG', '2019-07-02 11:01:17', '1', 53, 1, 4),
(164, 'mohsin_documents_for_turkey_(3).pdf', '2019-07-02 14:51:35', '1', 36, 1, 1),
(165, 'mohsin_documents_for_turkey_(6).pdf', '2019-07-02 14:59:22', '1', 36, 1, 2),
(166, 'mohsin_documents_for_turkey_(1).pdf', '2019-07-02 15:00:06', '1', 36, 1, 3),
(167, 'mohsin_documents_for_turkey_(5).pdf', '2019-07-02 15:00:25', '1', 36, 1, 4),
(168, 'mohsin_documents_for_turkey_(4).pdf', '2019-07-02 15:00:40', '1', 36, 1, 4),
(169, 'Inter.jpg', '2019-07-03 13:22:12', '1', 54, 1, 1),
(170, 'Passport.jpg', '2019-07-03 13:22:34', '1', 54, 1, 2),
(171, 'Degree.jpg', '2019-07-03 13:48:47', '1', 54, 1, 4),
(172, 'Passport2.jpeg', '2019-07-04 10:57:25', '1', 55, 1, 2),
(173, 'Transcript_2.JPG', '2019-07-04 10:57:48', '1', 55, 1, 3),
(174, 'Transcript_-3.JPG', '2019-07-04 10:57:48', '1', 55, 1, 3),
(175, 'Transcript.jpg', '2019-07-04 10:57:48', '1', 55, 1, 3),
(176, 'HSC-12th_Standard.JPG', '2019-07-04 10:58:06', '1', 55, 1, 1),
(177, 'Provisional_Certificate.JPG', '2019-07-04 10:58:56', '1', 55, 1, 4),
(178, 'HSC_Certificate.JPG', '2019-07-04 10:59:10', '1', 55, 1, 4),
(179, 'Degree.JPG', '2019-07-04 10:59:24', '1', 55, 1, 4),
(180, 'SSC-_10th_Standard.JPG', '2019-07-04 11:00:31', '1', 55, 1, 4),
(181, 'Transcript1.jpg', '2019-07-04 11:02:19', '1', 54, 1, 3),
(182, 'SSC-10th_Standard.jpg', '2019-07-04 11:02:53', '1', 54, 1, 4),
(183, 'Inter_Certificate.jpg', '2019-07-04 11:03:24', '1', 54, 1, 4),
(184, 'الجواز.jpg', '2019-07-04 14:01:34', '1', 50, 1, 2),
(185, 'شهادة_إتمام_الثانوية_العامة.png', '2019-07-04 14:02:27', '1', 50, 1, 3),
(186, 'صورة_شخصية.png', '2019-07-04 14:02:53', '1', 50, 1, 4),
(187, 'شهادة_اختبار_التحصيل_الدراسي_للتخصصات_العلمية.png', '2019-07-04 14:03:55', '1', 50, 1, 4),
(188, 'شهادة_اختبار_القدرات_العامة_للتخصصات_العلمية.png', '2019-07-04 14:04:03', '1', 50, 1, 4),
(189, 'شهادة_حفظ_خمسة_اجزاء_من_القرآن_الكريم_من_مؤسسة_والدة_الأمير_ثامر_بن_عبدالعزيز_لتعليم_الكتاب_والسنة.png', '2019-07-04 14:04:36', '1', 50, 1, 4),
(190, 'Abdullah_Ismail.pdf', '2019-07-05 16:21:30', '1', 34, 2, 0),
(191, 'Syed_moshin_shah.pdf', '2019-07-05 16:21:55', '1', 36, 2, 0),
(192, 'Marwan_Salamat_Ullah.pdf', '2019-07-05 16:22:57', '1', 50, 2, 0),
(193, 'DAE_Mechanical.jpeg', '2019-07-06 03:51:06', '1', 59, 1, 1),
(194, 'PASSPORT.jpg', '2019-07-06 03:51:06', '1', 59, 1, 1),
(195, 'PICTURE1.jpg', '2019-07-06 03:51:06', '1', 59, 1, 1),
(196, 'SSC_CERTIFICATE.jpg', '2019-07-06 03:51:06', '1', 59, 1, 1),
(197, 'SSC_TRANSCRIPT.jpg', '2019-07-06 03:51:06', '1', 59, 1, 1),
(198, 'Passport_Page_-_Nazrul_Islam.pdf', '2019-07-07 11:23:06', '1', 60, 1, 2),
(200, 'Bachelor_Certificate_-_Nazrul_Islam1.pdf', '2019-07-07 11:31:03', '1', 60, 1, 1),
(204, 'Bachelor_Mark_Sheet_-_Nazrul_Islam1.pdf', '2019-07-07 11:37:09', '1', 60, 1, 3),
(205, 'hsc_certificates1.pdf', '2019-07-07 11:37:25', '1', 60, 1, 1),
(206, 'hsc_marksheet.pdf', '2019-07-07 11:37:42', '1', 60, 1, 3),
(207, 'ssc_certificates1.pdf', '2019-07-07 11:37:59', '1', 60, 1, 1),
(208, 'ssc_marksheet.pdf', '2019-07-07 11:38:12', '1', 60, 1, 3),
(209, 'funke_degree.jpeg', '2019-07-08 15:46:08', '1', 62, 1, 1),
(210, 'FUNKE_passport.jpeg', '2019-07-08 15:46:36', '1', 62, 1, 2),
(211, 'funke_trans.jpeg', '2019-07-08 15:47:30', '1', 62, 1, 1),
(212, 'funke_waec.jpeg', '2019-07-08 15:48:03', '1', 62, 1, 4),
(213, 'baba2.pdf', '2019-07-09 16:10:02', '1', 63, 1, 1),
(214, 'baba3.pdf', '2019-07-09 16:10:02', '1', 63, 1, 1),
(215, 'passport_2.jpeg', '2019-07-09 16:25:32', '1', 63, 1, 2),
(216, 'baba1.jpg', '2019-07-09 16:27:07', '1', 63, 1, 4),
(217, 'baba4_-_Copy.jpg', '2019-07-09 16:27:32', '1', 63, 1, 1),
(218, 'SCAN_5.jpg', '2019-07-09 16:28:23', '1', 63, 1, 4),
(219, 'SCAN_2_(1).jpg', '2019-07-09 16:29:21', '1', 63, 1, 4),
(220, 'SCAN_3.jpg', '2019-07-09 16:30:04', '1', 63, 1, 4),
(221, 'ANITA_PASSPORT.jpg', '2019-07-09 20:23:09', '1', 64, 1, 2),
(222, 'ANITA_SCHOOL_RESULTS.jpg', '2019-07-09 20:23:42', '1', 64, 1, 1),
(223, 'ANITA_SCHOOL_RESULTS1.jpg', '2019-07-09 20:24:03', '1', 64, 1, 1),
(224, 'ANITA_TRANSCRIPT.jpg', '2019-07-09 20:25:19', '1', 64, 1, 3),
(225, 'ANITA_TESTIMONIAL.jpg', '2019-07-09 20:25:55', '1', 64, 1, 4),
(226, 'A_levels_2018.pdf', '2019-07-10 11:23:06', '1', 65, 1, 1),
(227, 'Passport1.JPG', '2019-07-10 11:23:19', '1', 65, 1, 2),
(228, 'A_levels_Transcript.pdf', '2019-07-10 11:25:43', '1', 65, 1, 3),
(229, 'Picture1.jpg', '2019-07-10 11:25:59', '1', 65, 1, 4),
(230, 'passport.pdf', '2019-07-10 18:45:14', '1', 66, 1, 2),
(231, 'Waec_result.jpg', '2019-07-10 18:47:17', '1', 66, 1, 1),
(232, 'scratch_card.jpg', '2019-07-10 18:47:58', '1', 66, 1, 4),
(233, 'Letter_of_Attestation.jpg', '2019-07-10 18:48:13', '1', 66, 1, 4),
(234, 'international_passport.jpg', '2019-07-10 19:08:57', '1', 67, 1, 2),
(235, 'waec.jpg', '2019-07-10 19:09:59', '1', 67, 1, 1),
(236, 'diploma.jpg', '2019-07-10 19:10:13', '1', 67, 1, 4),
(239, 'BEN_CERTIFICATE_1.jpg', '2019-07-16 23:30:11', '1', 68, 1, 1),
(240, 'BEN_CERTIFICATE_21.pdf', '2019-07-16 23:31:05', '1', 68, 1, 1),
(242, 'BEN_BEBLI_PASSPORT1.jpeg', '2019-07-16 23:31:42', '1', 68, 1, 1),
(243, 'BEN_TRANSCRIPT.pdf', '2019-07-16 23:32:37', '1', 68, 1, 3),
(244, 'BEN_PASSPORT_PICTURE.jpeg', '2019-07-16 23:32:56', '1', 68, 1, 4),
(245, 'david_js_testi.pdf', '2019-07-17 13:59:57', '1', 69, 1, 1),
(246, 'David_test.pdf', '2019-07-17 14:00:43', '1', 69, 1, 1),
(247, 'David_p.pdf', '2019-07-17 14:01:13', '1', 69, 1, 2),
(248, 'David_p1.pdf', '2019-07-17 14:02:04', '1', 69, 1, 3),
(249, 'david_testi.pdf', '2019-07-17 14:02:33', '1', 69, 1, 1),
(252, 'HSC_CERTIFICATE.jpg', '2019-07-18 14:20:37', '1', 70, 1, 1),
(254, 'SSC_CERTIFICATE1.jpg', '2019-07-18 14:21:28', '1', 70, 1, 1),
(255, 'HSC_MARKSHEET1.jpg', '2019-07-18 14:21:44', '1', 70, 1, 3),
(256, 'SSC_MARKSHEET.jpg', '2019-07-18 14:21:50', '1', 70, 1, 1),
(257, 'Passport2.jpg', '2019-07-18 14:22:12', '1', 70, 1, 1),
(258, 'Photo.JPG', '2019-07-18 14:36:59', '1', 70, 1, 1),
(259, 'Kabul_Mektubu_1_875341.pdf', '2019-07-18 22:05:03', '1', 42, 2, 0),
(260, 'High_School_Diploma.pdf', '2019-07-18 23:21:56', '1', 71, 1, 1),
(261, 'Health_Assistant_Certificate.pdf', '2019-07-18 23:22:30', '1', 71, 1, 1),
(263, 'CV-Europass-20180718-Aidoo-EN_(1).pdf', '2019-07-18 23:25:04', '1', 71, 1, 4),
(265, 'Transcript1.pdf', '2019-07-18 23:26:23', '1', 71, 1, 3),
(266, 'Passport_pic.jpeg', '2019-07-18 23:26:52', '1', 71, 1, 2),
(267, 'Recommendation_letter.pdf', '2019-07-18 23:27:45', '1', 71, 1, 4),
(268, 'Certificate_11.jpg', '2019-07-19 09:45:33', '1', 72, 1, 1),
(269, 'Certificate_21.jpg', '2019-07-19 09:46:17', '1', 72, 1, 1),
(270, 'Niamatullah_Hassani1.jpeg', '2019-07-19 09:46:39', '1', 72, 1, 4),
(271, 'Passport11.jpg', '2019-07-19 09:47:03', '1', 72, 1, 2),
(272, '12th_certificate1.jpg', '2019-07-19 10:08:06', '1', 73, 1, 1),
(273, 'Transcript11.jpg', '2019-07-19 10:09:56', '1', 73, 1, 3),
(274, 'Passport_1.jpg', '2019-07-19 10:10:33', '1', 73, 1, 2),
(275, 'Picture_0091.jpg', '2019-07-19 10:11:37', '1', 73, 1, 4),
(276, 'National_identity1.jpg', '2019-07-19 10:12:12', '1', 73, 1, 4),
(277, 'Passport4.jpeg', '2019-07-19 17:38:07', '1', 71, 1, 2),
(278, 'HSC_Certificate1.jpg', '2019-07-20 11:54:00', '1', 74, 1, 1),
(279, 'HSC_Marksheet.jpg', '2019-07-20 11:54:09', '1', 74, 1, 1),
(280, 'SSC_Certificate.jpg', '2019-07-20 11:54:22', '1', 74, 1, 1),
(281, 'SSC_Marksheet.jpg', '2019-07-20 11:54:30', '1', 74, 1, 1),
(283, 'Passport4.jpg', '2019-07-20 11:55:06', '1', 74, 1, 1),
(284, 'akif.jpg', '2019-07-20 11:55:17', '1', 74, 1, 1),
(285, 'img246.jpg', '2019-07-21 16:42:39', '1', 75, 1, 1),
(286, 'img247.jpg', '2019-07-21 16:42:47', '1', 75, 1, 1),
(287, 'img248.jpg', '2019-07-21 16:42:56', '1', 75, 1, 1),
(288, 'img249.jpg', '2019-07-21 16:43:03', '1', 75, 1, 1),
(289, 'img250.jpg', '2019-07-21 16:43:18', '1', 75, 1, 1),
(290, 'img251.jpg', '2019-07-21 16:43:26', '1', 75, 1, 1),
(291, 'img252.jpg', '2019-07-21 16:43:34', '1', 75, 1, 1),
(292, 'Passport5.jpg', '2019-07-21 16:43:50', '1', 75, 1, 1),
(293, 'Photo.jpg', '2019-07-21 16:43:58', '1', 75, 1, 1),
(294, 'ثيم.png', '2019-07-21 18:16:30', '1', 49, 1, 1),
(295, 'هثيم_.png', '2019-07-21 18:17:20', '1', 49, 1, 2),
(296, 'هيثم_1.png', '2019-07-21 18:19:10', '1', 49, 1, 1),
(298, 'AIHH.png', '2019-07-21 18:50:26', '1', 79, 1, 1),
(299, 'الجواز_1.pdf', '2019-07-21 18:50:57', '1', 79, 1, 2),
(300, 'الجواز_2.pdf', '2019-07-21 18:51:21', '1', 79, 1, 2),
(302, 'الجواز_4.pdf', '2019-07-21 18:52:18', '1', 79, 1, 2),
(303, 'MOHMMAD_.jpg', '2019-07-21 18:52:32', '1', 79, 1, 3),
(304, 'nasem3.pdf', '2019-07-21 19:10:15', '1', 56, 1, 1),
(305, 'nasem2.pdf', '2019-07-21 19:10:26', '1', 56, 1, 2),
(306, 'nasem1.pdf', '2019-07-21 19:10:40', '1', 56, 1, 3),
(307, 'maaz1.jpg', '2019-07-21 19:26:24', '1', 48, 1, 1),
(308, 'maaz2.jpeg', '2019-07-21 19:26:40', '1', 48, 1, 2),
(309, 'maaz3.jpeg', '2019-07-21 19:26:40', '1', 48, 1, 2),
(310, 'maaz4.jpeg', '2019-07-21 19:27:03', '1', 48, 1, 3),
(311, 'aziz4.jpeg', '2019-07-21 19:35:23', '1', 58, 1, 1),
(313, 'aziz21.jpeg', '2019-07-21 19:35:53', '1', 58, 1, 2),
(314, 'aziz3.jpeg', '2019-07-21 19:36:00', '1', 58, 1, 3),
(315, 'high_school_grades.pdf', '2019-07-22 15:37:37', '1', 80, 1, 1),
(316, 'passport.jpg', '2019-07-22 15:44:23', '1', 80, 1, 2),
(317, 'Scan.jpg', '2019-07-22 15:44:53', '1', 80, 1, 3),
(318, 'WhatsApp_Image_2019-07-22_at_15_52_25.jpeg', '2019-07-22 15:53:09', '1', 77, 1, 2),
(319, '7.jpeg', '2019-07-22 17:19:26', '1', 82, 1, 3),
(321, '5.jpeg', '2019-07-22 17:20:42', '1', 82, 1, 1),
(322, '91.jpeg', '2019-07-22 17:20:53', '1', 82, 1, 2),
(323, 'اسحاق.jpeg', '2019-07-22 18:51:12', '1', 81, 1, 1),
(324, 'اسحاققق.jpeg', '2019-07-22 18:51:35', '1', 81, 1, 2),
(325, 'اسحاققققق.jpeg', '2019-07-22 18:52:19', '1', 81, 1, 3),
(327, '11111.jpeg', '2019-07-22 19:44:37', '1', 85, 1, 2),
(328, '111111.jpeg', '2019-07-22 19:44:46', '1', 85, 1, 1),
(329, '1111111.jpeg', '2019-07-22 19:45:07', '1', 85, 1, 3),
(330, '22222.jpeg', '2019-07-22 19:48:33', '1', 83, 1, 3),
(331, '222222.jpeg', '2019-07-22 19:48:42', '1', 83, 1, 2),
(332, 'IMG-20190719-WA0019.jpg', '2019-07-23 08:51:40', '1', 78, 1, 1),
(333, 'IMG-20190720-WA0001(2).jpg', '2019-07-23 08:52:08', '1', 78, 1, 2),
(334, 'IMG-20190719-WA0021.jpg', '2019-07-23 08:52:28', '1', 78, 1, 3),
(335, 'IMG-20190704-WA0005.jpg', '2019-07-23 09:42:50', '1', 86, 1, 1),
(336, 'IMG-20190704-WA0006.jpg', '2019-07-23 09:43:09', '1', 86, 1, 2),
(337, 'okun_2.pdf', '2019-07-23 09:51:51', '1', 86, 1, 3),
(338, '2222221.jpeg', '2019-07-23 14:45:26', '1', 83, 1, 2),
(339, 'NOOR.jpeg', '2019-07-23 16:11:03', '1', 77, 1, 1),
(340, 'NOOR1.jpeg', '2019-07-23 16:11:55', '1', 77, 1, 3),
(342, 'SI1.jpeg', '2019-07-23 16:25:57', '1', 87, 1, 1),
(343, 'SI2.jpeg', '2019-07-23 16:26:19', '1', 87, 1, 2),
(344, 'SA2.jpeg', '2019-07-23 16:27:19', '1', 87, 1, 3),
(345, '0957cbad-00f5-4555-8569-bb3e049d1f61.jpg', '2019-07-23 17:11:03', '1', 88, 1, 1),
(346, 'New_Passport.pdf', '2019-07-23 17:11:03', '1', 88, 1, 1),
(347, 'SHS_certificate.jpg', '2019-07-23 22:25:01', '1', 89, 1, 1),
(348, 'Passport6.jpg', '2019-07-23 22:25:25', '1', 89, 1, 2),
(349, 'Transcript2.jpg', '2019-07-23 22:25:42', '1', 89, 1, 3),
(350, 'Passport_pic.jpg', '2019-07-23 22:25:59', '1', 89, 1, 4),
(351, 'SSC_Certificate.JPG', '2019-07-24 13:14:43', '1', 90, 1, 1),
(352, 'SSC_Marksheet1.jpg', '2019-07-24 13:14:50', '1', 90, 1, 1),
(353, 'Diploma_Certificate.jpg', '2019-07-24 13:14:59', '1', 90, 1, 1),
(354, 'Diploma_Marksheet.JPG', '2019-07-24 13:15:10', '1', 90, 1, 1),
(355, 'Passport5.jpeg', '2019-07-24 13:15:19', '1', 90, 1, 1),
(356, 'SSC_Certificate1.jpg', '2019-07-24 13:22:29', '1', 91, 1, 1),
(357, 'SSC_marksheet.jpg', '2019-07-24 13:22:43', '1', 91, 1, 1),
(358, 'Diploma_Certificate1.jpg', '2019-07-24 13:22:52', '1', 91, 1, 1),
(359, 'Diploma_Marksheet_.jpg', '2019-07-24 13:23:00', '1', 91, 1, 1),
(360, 'passport1.jpg', '2019-07-24 13:23:08', '1', 91, 1, 1),
(361, 'Photo1.jpg', '2019-07-24 13:23:14', '1', 91, 1, 1),
(362, '55.pdf', '2019-07-24 13:52:25', '1', 92, 1, 2),
(363, '59.jpeg', '2019-07-24 13:52:52', '1', 92, 1, 3),
(364, '598.pdf', '2019-07-24 13:53:02', '1', 92, 1, 1),
(369, 'ef177158-573b-4287-abb6-32ef6f2411a1.jpg', '2019-07-25 17:02:32', '1', 93, 1, 1),
(370, 'f30308ec-08ab-4572-8c33-e24ffd94b1f9.jpg', '2019-07-25 17:02:32', '1', 93, 1, 1),
(371, 'new_doc_2019-02-20_00_24_10_20190720180210.pdf', '2019-07-25 17:02:32', '1', 93, 1, 1),
(372, 'DAE_TRANSCRIPT_MAHRUKH_AMEEN.jpg', '2019-07-25 20:35:31', '1', 94, 1, 1),
(373, 'IELTS.jpeg', '2019-07-25 20:38:58', '1', 94, 1, 1),
(374, 'Mahrukh_picture_(1).jpg', '2019-07-25 20:38:58', '1', 94, 1, 1),
(375, 'NIC.pdf', '2019-07-25 20:38:58', '1', 94, 1, 1),
(376, 'Passport3.pdf', '2019-07-25 20:38:58', '1', 94, 1, 1),
(377, 'SSC_Cerificate.pdf', '2019-07-25 20:38:58', '1', 94, 1, 1),
(378, '09_HSC_Transcript_ALI_SHAN,.jpg', '2019-07-25 22:22:01', '1', 95, 1, 1),
(379, 'PASSPORT_ALI_SHAN_AKHTAR.jpeg', '2019-07-25 22:22:01', '1', 95, 1, 1),
(380, 'Picture2.jpeg', '2019-07-25 22:22:01', '1', 95, 1, 1),
(381, 'SSC_Transcript.jpeg', '2019-07-25 22:22:01', '1', 95, 1, 1),
(382, 'CNIC_BACKSIDE.jpg', '2019-07-26 20:01:42', '1', 96, 1, 1),
(383, 'CNIC_FRONT.jpg', '2019-07-26 20:01:42', '1', 96, 1, 1),
(384, 'DAE_TRANSCRIPT_MUHAMMAD_OSAMA.jpg', '2019-07-26 20:01:42', '1', 96, 1, 1),
(385, 'PASSPORT_MUHAMMAD_USAMA_KHALID.jpg', '2019-07-26 20:01:42', '1', 96, 1, 1),
(386, 'SSC_CERTIFICATE2.jpg', '2019-07-26 20:01:42', '1', 96, 1, 1),
(387, 'SSC_PROVISIONAL_CERTIFICATE.jpg', '2019-07-26 20:01:42', '1', 96, 1, 1),
(388, 'HSC_TRANSCRIPT_WAQAS_AHMAD.jpg', '2019-07-26 20:29:17', '1', 97, 1, 1),
(389, 'PASSPORT1.jpg', '2019-07-26 20:29:17', '1', 97, 1, 1),
(390, 'Picture_Waqas_Ahmad.jpg', '2019-07-26 20:29:17', '1', 97, 1, 1),
(391, 'SSC_CERTIFICATE3.jpg', '2019-07-26 20:29:17', '1', 97, 1, 1),
(392, 'SSC_TRANSCRIPT1.jpg', '2019-07-26 20:29:17', '1', 97, 1, 1),
(393, 'HSC_TRANSCRIPT.jpg', '2019-07-26 20:59:34', '1', 98, 1, 1),
(394, 'PASSPORT_JUNAID_IMRAN.jpeg', '2019-07-26 20:59:34', '1', 98, 1, 1),
(395, 'SSC_TRANSCRIPT.jpeg', '2019-07-26 20:59:34', '1', 98, 1, 1),
(396, 'PICTURE.JPG', '2019-07-26 21:02:29', '1', 98, 1, 1),
(397, 'HSC_lal_devi.jpg', '2019-07-27 17:18:21', '1', 99, 1, 1),
(398, 'PASSPORT_DEVI_LAL0001_Page_1.jpg', '2019-07-27 17:18:21', '1', 99, 1, 1),
(399, 'Picture_Devi_Lal0001.jpg', '2019-07-27 17:18:21', '1', 99, 1, 1),
(400, 'SSC_TRANSCRIPT_CERTIFICATE_DEVI_LAL.pdf', '2019-07-27 17:18:21', '1', 99, 1, 1),
(401, 'HSC_TRANSCRIPT_RAJA_RAJAN_LAL.jpg', '2019-07-27 17:44:47', '1', 100, 1, 1),
(402, 'Passport4.pdf', '2019-07-27 17:44:47', '1', 100, 1, 1),
(403, 'Picture2.jpg', '2019-07-27 17:44:47', '1', 100, 1, 1),
(404, 'SSC.pdf', '2019-07-27 17:44:47', '1', 100, 1, 1),
(405, 'HSC_HAMZA_NAZEER_TRANSCRIPT.pdf', '2019-07-27 18:24:55', '1', 101, 1, 1),
(406, 'PASSPORT_HAMZA.jpeg', '2019-07-27 18:24:55', '1', 101, 1, 1),
(407, 'PICTURE_HAMZA.jpeg', '2019-07-27 18:24:55', '1', 101, 1, 1),
(408, 'SSC_TRANSCRIPT1.jpeg', '2019-07-27 18:24:55', '1', 101, 1, 1),
(413, 'MUHAMMAD_NABEEL_TRANSCRIPT.jpg', '2019-07-27 19:25:10', '1', 103, 1, 1),
(414, 'PASSPORT.jpeg', '2019-07-27 19:25:10', '1', 103, 1, 1),
(415, 'SSC_CERTIFICATE5.jpg', '2019-07-27 19:25:10', '1', 103, 1, 1),
(416, 'SSC_TRANSCRIPT3.jpg', '2019-07-27 19:25:10', '1', 103, 1, 1),
(417, 'MUHAMMAD_NABEEL_TRANSCRIPT1.jpg', '2019-07-27 20:20:14', '1', 102, 1, 1),
(418, 'PASSPORT1.jpeg', '2019-07-27 20:20:14', '1', 102, 1, 1),
(419, 'SSC_CERTIFICATE6.jpg', '2019-07-27 20:20:14', '1', 102, 1, 1),
(420, 'SSC_TRANSCRIPT4.jpg', '2019-07-27 20:20:14', '1', 102, 1, 1),
(421, 'HSC_TRANSCRIPT_MUHAMMAD_WAQAS_ZAMEER.jpg', '2019-07-27 20:47:04', '1', 104, 1, 1),
(422, 'PASSPORT_WAQAS.pdf', '2019-07-27 20:47:04', '1', 104, 1, 1),
(423, 'photo.jpg', '2019-07-27 20:47:04', '1', 104, 1, 1),
(424, 'SSC_provisional_certificate.pdf', '2019-07-27 20:47:04', '1', 104, 1, 1),
(425, 'SSC_TRANSCRIPT.pdf', '2019-07-27 20:47:04', '1', 104, 1, 1),
(426, 'HSC_TRANSCRIPT_MUHAMMAD_SUBHAN_SADDIQUE.jpg', '2019-07-27 22:36:00', '1', 105, 1, 1),
(427, 'PASSPORT_MUHAMMAD_SUBHAN_SIDDIQUE.jpg', '2019-07-27 22:36:00', '1', 105, 1, 1),
(428, 'SSC_TRANSCRIPT5.jpg', '2019-07-27 22:36:00', '1', 105, 1, 1),
(429, 'DAE_CERTIFICATE.jpeg', '2019-07-27 22:40:58', '1', 106, 1, 1),
(430, 'DATE_TRANSCRIPT.jpeg', '2019-07-27 22:40:58', '1', 106, 1, 1),
(431, 'PASSPORT2.jpeg', '2019-07-27 22:40:58', '1', 106, 1, 1),
(432, 'SSC_TRANSCRIPT2.jpeg', '2019-07-27 22:40:58', '1', 106, 1, 1),
(433, 'SSC_-main.jpg', '2019-07-28 10:58:57', '1', 107, 1, 1),
(434, 'SSC-MARKS_SHEET_MAIN.jpg', '2019-07-28 10:59:06', '1', 107, 1, 1),
(435, 'HSC_-_main.jpg', '2019-07-28 10:59:15', '1', 107, 1, 1),
(436, 'HSC_MARKS_SHEET_MAIN.jpg', '2019-07-28 10:59:24', '1', 107, 1, 1),
(437, 'BSS(Hons)_-_main.jpg', '2019-07-28 10:59:40', '1', 107, 1, 1),
(438, '1539162824346.jpg', '2019-07-28 10:59:52', '1', 107, 1, 1),
(439, 'a33072_Nasir_copy.JPG', '2019-07-28 11:00:00', '1', 107, 1, 1),
(440, 'Nasir_bhai_pp-1.jpg', '2019-07-28 11:00:09', '1', 107, 1, 1),
(441, 'dakhil_certificate.jpg', '2019-07-28 11:07:20', '1', 108, 1, 1),
(442, 'dakhil_marksheet.jpg', '2019-07-28 11:07:33', '1', 108, 1, 1),
(443, 'alim_certificate.jpg', '2019-07-28 11:07:45', '1', 108, 1, 1),
(444, 'alim_marksheet.jpg', '2019-07-28 11:07:55', '1', 108, 1, 1),
(445, 'azad(1).pdf', '2019-07-28 11:08:49', '1', 108, 1, 1),
(446, 'fazil_honors_marks.jpg', '2019-07-28 11:09:00', '1', 108, 1, 1),
(447, 'IELTS_1.jpg', '2019-07-28 11:09:13', '1', 108, 1, 1),
(448, 'IMG-1337.JPG', '2019-07-28 11:09:21', '1', 108, 1, 1),
(449, 'p2.jpg', '2019-07-28 11:09:30', '1', 108, 1, 1),
(450, 'SSC_Certificate2.jpg', '2019-07-28 11:33:50', '1', 109, 1, 1),
(451, 'SSC_Marksheet2.jpg', '2019-07-28 11:34:03', '1', 109, 1, 1),
(452, 'HSC_Certificate2.jpg', '2019-07-28 11:34:12', '1', 109, 1, 1),
(453, 'HSC_Marksheet1.jpg', '2019-07-28 11:34:25', '1', 109, 1, 1),
(454, 'IELTS.jpg', '2019-07-28 11:34:34', '1', 109, 1, 1),
(455, 'Passport_copy_of_Abu_Hena_Mohammad_Manzurul_Arefin-1.jpg', '2019-07-28 11:34:44', '1', 109, 1, 1),
(456, 'All_academic_certificates_of_Abu_Hena_Mohammad_Manzurul_Arefin-09.jpg', '2019-07-28 11:35:39', '1', 109, 1, 1),
(457, 'All_academic_certificates_of_Abu_Hena_Mohammad_Manzurul_Arefin-10.jpg', '2019-07-28 11:35:48', '1', 109, 1, 1),
(458, 'All_academic_certificates_of_Abu_Hena_Mohammad_Manzurul_Arefin-11.jpg', '2019-07-28 11:35:57', '1', 109, 1, 1),
(459, 'All_academic_certificates_of_Abu_Hena_Mohammad_Manzurul_Arefin-12.jpg', '2019-07-28 11:36:12', '1', 109, 1, 1),
(460, 'All_academic_certificates_of_Abu_Hena_Mohammad_Manzurul_Arefin-01.jpg', '2019-07-28 11:37:00', '1', 109, 1, 1),
(461, 'All_academic_certificates_of_Abu_Hena_Mohammad_Manzurul_Arefin-02.jpg', '2019-07-28 11:37:10', '1', 109, 1, 1),
(462, 'All_academic_certificates_of_Abu_Hena_Mohammad_Manzurul_Arefin-03.jpg', '2019-07-28 11:37:21', '1', 109, 1, 1),
(463, 'All_academic_certificates_of_Abu_Hena_Mohammad_Manzurul_Arefin-04.jpg', '2019-07-28 11:37:28', '1', 109, 1, 1),
(464, 'All_academic_certificates_of_Abu_Hena_Mohammad_Manzurul_Arefin-05.jpg', '2019-07-28 11:37:39', '1', 109, 1, 1),
(465, 'All_academic_certificates_of_Abu_Hena_Mohammad_Manzurul_Arefin-06.jpg', '2019-07-28 11:37:54', '1', 109, 1, 1),
(466, 'SSC_Certificate3.jpg', '2019-07-28 12:40:05', '1', 110, 1, 1),
(468, 'SSC_MArksheet.jpg', '2019-07-28 12:40:22', '1', 110, 1, 1),
(469, 'HSC_Certificate3.jpg', '2019-07-28 12:40:38', '1', 110, 1, 1),
(470, 'HSC_Marksheet2.jpg', '2019-07-28 12:40:47', '1', 110, 1, 1),
(471, 'Bachelor_Certificate.jpg', '2019-07-28 12:40:58', '1', 110, 1, 1),
(472, 'Bachelor_Marksheet.jpg', '2019-07-28 12:41:07', '1', 110, 1, 1),
(473, 'Passport7.jpg', '2019-07-28 12:41:28', '1', 110, 1, 1),
(474, 'Photo2.jpg', '2019-07-28 12:41:45', '1', 110, 1, 1),
(475, 'SSC_Certificate5.jpg', '2019-07-28 15:51:08', '1', 111, 1, 1),
(476, 'SSC_Marksheet3.jpg', '2019-07-28 15:51:16', '1', 111, 1, 1),
(477, 'HSC_marksheet.jpg', '2019-07-28 15:51:24', '1', 111, 1, 1),
(478, 'HSC_Certificate4.jpg', '2019-07-28 15:51:31', '1', 111, 1, 1),
(479, 'Passport8.jpg', '2019-07-28 15:51:39', '1', 111, 1, 1),
(480, 'Photo3.jpg', '2019-07-28 15:51:46', '1', 111, 1, 1),
(481, 'WhatsApp_Image_2019-07-23_at_15_26_52.jpeg', '2019-07-29 21:31:06', '1', 112, 1, 2),
(483, 'WhatsApp_Image_2019-07-23_at_15_26_53.jpeg', '2019-07-29 21:31:56', '1', 112, 1, 1),
(484, 'WhatsApp_Image_2019-07-23_at_15_26_54.jpeg', '2019-07-29 21:32:14', '1', 112, 1, 3),
(485, 'Certificate.pdf', '2019-07-30 10:02:19', '1', 113, 1, 1),
(486, 'Transcript2.pdf', '2019-07-30 10:02:53', '1', 113, 1, 3),
(487, 'Passport5.pdf', '2019-07-30 10:03:58', '1', 113, 1, 2),
(488, 'WL.jpg', '2019-07-31 17:40:56', '1', 114, 1, 1),
(489, 'TT.jpg', '2019-07-31 17:41:19', '1', 114, 1, 2),
(490, 'UU.jpg', '2019-07-31 17:41:36', '1', 114, 1, 3),
(491, '77.jpg', '2019-07-31 17:48:11', '1', 115, 1, 1),
(492, '88.jpg', '2019-07-31 17:48:30', '1', 115, 1, 2),
(493, '99.jpg', '2019-07-31 17:48:49', '1', 115, 1, 3),
(494, '.jpeg', '2019-07-31 17:57:35', '1', 116, 1, 1),
(495, '1.jpeg', '2019-07-31 17:57:59', '1', 116, 1, 2),
(496, '-.png', '2019-07-31 17:58:24', '1', 116, 1, 3),
(497, 'qw.jpg', '2019-08-01 20:26:51', '1', 117, 1, 2),
(498, 'vb.jpg', '2019-08-01 20:27:17', '1', 117, 1, 1),
(499, '.jpg', '2019-08-01 20:27:42', '1', 117, 1, 3),
(500, '45.pdf', '2019-08-03 17:49:00', '1', 118, 1, 3),
(501, '54.pdf', '2019-08-03 17:49:26', '1', 118, 1, 1),
(502, '44.pdf', '2019-08-03 17:50:02', '1', 118, 1, 2),
(503, 'oooooooo.jpeg', '2019-08-04 05:22:26', '1', 119, 1, 1),
(504, 'ooooooooo.jpeg', '2019-08-04 05:23:03', '1', 119, 1, 2),
(505, 'oooooooo1.jpeg', '2019-08-04 05:23:42', '1', 119, 1, 3),
(506, 'MMMMMM.jpeg', '2019-08-04 05:41:16', '1', 120, 1, 1),
(507, 'MMMMM.jpeg', '2019-08-04 05:41:56', '1', 120, 1, 2),
(508, 'MMM.jpeg', '2019-08-04 05:43:38', '1', 120, 1, 3),
(509, 'FF.jpeg', '2019-08-04 20:01:22', '1', 121, 1, 1),
(510, 'F.jpeg', '2019-08-04 20:02:18', '1', 121, 1, 3),
(511, 'FFF.jpeg', '2019-08-04 20:02:45', '1', 121, 1, 2),
(512, 'HALIMA_BEGUM_PASSPORT.JPG', '2019-08-04 20:33:46', '1', 122, 1, 2),
(513, 'HIGHER_SECONDARY_TRANCRIPT.JPG', '2019-08-04 20:35:36', '1', 122, 1, 1),
(514, 'has.jpg', '2019-08-04 20:41:50', '1', 122, 1, 3),
(515, 'S,.pdf', '2019-08-05 17:06:28', '1', 123, 1, 2),
(516, 'AS.pdf', '2019-08-05 17:07:38', '1', 123, 1, 3),
(517, 'AW.pdf', '2019-08-05 17:08:57', '1', 123, 1, 1),
(518, 'Passport9.jpg', '2019-08-06 18:13:54', '1', 124, 1, 2),
(519, 'HSC-12th_Standard.jpg', '2019-08-06 18:14:42', '1', 124, 1, 1),
(520, 'Matric-10th.jpg', '2019-08-06 18:15:37', '1', 124, 1, 1),
(521, 'School_Certificate.jpg', '2019-08-06 18:17:20', '1', 124, 1, 4),
(522, 'Photo4.jpg', '2019-08-06 18:21:47', '1', 124, 1, 4),
(523, 'MOT.pdf', '2019-08-07 13:00:38', '1', 125, 1, 2),
(524, 'MOTT.pdf', '2019-08-07 13:01:10', '1', 125, 1, 1),
(525, 'MOO.pdf', '2019-08-07 13:01:44', '1', 125, 1, 3),
(526, 'Me.jpg', '2019-08-07 13:07:22', '1', 126, 1, 3),
(527, 'All_Docs_(1).pdf', '2019-08-07 13:11:35', '1', 126, 1, 1),
(528, 'IMG_1775_jp.jpeg', '2019-08-07 13:14:45', '1', 126, 1, 4),
(529, 'Khin_Hnin.jpg', '2019-08-07 13:31:04', '1', 127, 1, 3),
(530, 'WhatsApp_Image_2019-08-07_at_13_32_28.jpeg', '2019-08-07 13:33:14', '1', 127, 1, 1),
(531, 'Passport_copy.jpg', '2019-08-07 13:33:39', '1', 127, 1, 2),
(532, 'شهادة_الثانوي_-_رقية.jpg', '2019-08-07 13:38:09', '1', 128, 1, 1),
(533, 'جواز_السفر_-_رقية.jpg', '2019-08-07 13:38:50', '1', 128, 1, 2),
(534, 'صورة_-_رقية.jpg', '2019-08-07 13:39:07', '1', 128, 1, 3),
(535, '1شهادة_الثانوية.pdf', '2019-08-07 20:09:14', '1', 129, 1, 1),
(536, '1جواز_السفر.pdf', '2019-08-07 20:10:41', '1', 129, 1, 2),
(537, '1صورة_شمسية.pdf', '2019-08-07 20:11:12', '1', 129, 1, 3),
(538, 'Certificate1.pdf', '2019-08-08 01:44:14', '1', 130, 1, 1),
(539, 'Transcripts.pdf', '2019-08-08 01:53:30', '1', 130, 1, 3),
(540, 'Passport6.pdf', '2019-08-08 01:54:11', '1', 130, 1, 2),
(541, 'Passport6.jpeg', '2019-08-08 09:47:45', '1', 131, 1, 2),
(542, 'Certificate2.pdf', '2019-08-08 09:50:06', '1', 131, 1, 1),
(543, 'DMCs.pdf', '2019-08-08 09:50:26', '1', 131, 1, 3),
(544, 'SSC_Certificate1.pdf', '2019-08-08 12:52:12', '1', 132, 1, 1),
(545, 'DMCs1.pdf', '2019-08-08 12:52:29', '1', 132, 1, 3),
(546, 'Passport7.jpeg', '2019-08-08 12:53:29', '1', 132, 1, 2),
(547, 'Pic.jpeg', '2019-08-08 12:53:43', '1', 132, 1, 4),
(549, 'Passport_copy_(1).jpg', '2019-08-09 16:01:43', '1', 133, 1, 2),
(550, 'Bachelor_Marksheet1.jpg', '2019-08-09 16:02:10', '1', 133, 1, 1),
(551, 'sas.jpg', '2019-08-09 16:03:56', '1', 133, 1, 3),
(552, 'English_Certificate.pdf', '2019-08-09 16:07:08', '1', 134, 1, 1),
(553, 'Passport10.jpg', '2019-08-09 16:07:25', '1', 134, 1, 2),
(554, 'md_salim_Photo.pdf', '2019-08-09 16:07:37', '1', 134, 1, 3),
(555, 'English_Mark_Sheet.pdf', '2019-08-09 16:08:39', '1', 134, 1, 4),
(556, 'Certificate_(1).pdf', '2019-08-09 16:12:52', '1', 135, 1, 1),
(557, 'hs.jpg', '2019-08-09 16:15:20', '1', 135, 1, 2),
(558, 'ii.jpg', '2019-08-09 16:17:00', '1', 135, 1, 3),
(559, '1.jpg', '2019-08-12 23:18:00', '1', 136, 1, 3),
(560, '11.jpg', '2019-08-12 23:18:29', '1', 136, 1, 1),
(561, '112.jpg', '2019-08-12 23:18:57', '1', 136, 1, 2);

-- --------------------------------------------------------

--
-- Table structure for table `ogrenci`
--

CREATE TABLE IF NOT EXISTS `ogrenci` (
  `ogrenci_id` int(255) NOT NULL AUTO_INCREMENT,
  `adi_soyadi` varchar(255) CHARACTER SET utf8 COLLATE utf8_bin DEFAULT NULL,
  `a_id` int(255) DEFAULT NULL,
  `durum` int(255) DEFAULT NULL,
  `zaman` datetime NOT NULL,
  `pasaport_no` varchar(50) CHARACTER SET utf8 COLLATE utf8_bin NOT NULL,
  `baba_adi` varchar(50) CHARACTER SET utf8 COLLATE utf8_bin NOT NULL,
  `anne_adi` varchar(50) CHARACTER SET utf8 COLLATE utf8_bin NOT NULL,
  `dogum_yeri` varchar(50) CHARACTER SET utf8 COLLATE utf8_bin NOT NULL,
  `dogum_tarihi` date NOT NULL,
  `cinsiyet` int(11) NOT NULL,
  `medeni_durum` int(11) NOT NULL,
  `uyrugu` varchar(20) CHARACTER SET utf8 COLLATE utf8_bin NOT NULL,
  `adres` text CHARACTER SET utf8 COLLATE utf8_bin NOT NULL,
  `posta_kodu` varchar(10) CHARACTER SET utf8 COLLATE utf8_bin NOT NULL,
  `sehir` varchar(50) CHARACTER SET utf8 COLLATE utf8_bin NOT NULL,
  `ulke` int(11) NOT NULL,
  `telefon` varchar(20) CHARACTER SET utf8 COLLATE utf8_bin NOT NULL,
  PRIMARY KEY (`ogrenci_id`),
  UNIQUE KEY `pasaport_no` (`pasaport_no`)
) ENGINE=InnoDB  DEFAULT CHARSET=latin1 AUTO_INCREMENT=137 ;

--
-- Dumping data for table `ogrenci`
--

INSERT INTO `ogrenci` (`ogrenci_id`, `adi_soyadi`, `a_id`, `durum`, `zaman`, `pasaport_no`, `baba_adi`, `anne_adi`, `dogum_yeri`, `dogum_tarihi`, `cinsiyet`, `medeni_durum`, `uyrugu`, `adres`, `posta_kodu`, `sehir`, `ulke`, `telefon`) VALUES
(26, 'emir özorpak', 1, 3, '2018-12-03 16:35:49', 'a123456', 'qwert', 'asdfgdsfsd', 'veleye', '0000-00-00', 0, 0, '', '', '', '', 0, ''),
(27, 'John Thomson', 6, 5, '2018-12-26 11:09:31', 'J11856462', 'Ali', 'Jane', 'İstanbul', '0000-00-00', 0, 0, 'T.C', 'yale st.Kopenhag', '21934', 'Kopenhag', 0, '+456895214526'),
(28, 'mansur beştaş', 1, 3, '2019-01-02 13:38:37', 'qaz1', '', '', '', '0000-00-00', 0, 0, '', '', '', '', 0, ''),
(29, 'ŞÜKRÜ EMİR ÖZORPAK', 1, 3, '2019-06-21 12:43:35', '111111111', '', '', '', '0000-00-00', 0, 0, '', '', '56100', 'SİİRT', 0, '+904842240152'),
(32, 'Kanwal Azeem ', 5, 2, '2019-06-26 15:56:06', 'HL1857091', 'Muhammad Azeem', '', 'Faisalabad ', '0000-00-00', 0, 0, 'Pakistan', 'Basat Chowk, Chak no 102 Burj Mandi Dhak Khana Khas Tehsil Chak Jumber', '38000', 'Faisalabad', 0, '+923235519959'),
(33, 'Syed Ihtisham Haider Naqvi ', 5, 1, '2019-06-26 16:23:25', 'BJ9399141', 'Asad Abbas', 'Umme Kalsoom', 'Hafizabad, Pakistan', '0000-00-00', 0, 0, 'Pakistan', 'P/O Qadir Abad Colony, Nakki Chatha, Tehsil & District Hafizabad ', '52110', 'Hafizabad', 0, '+923235519959'),
(34, 'Abdullah Ismail', 5, 3, '2019-06-26 17:12:08', 'HA1852061', 'Muhammad Ismail khan', '', 'Gujranwala', '1998-04-05', 0, 0, 'Pakistan', 'House 226, Mohalla Abbas Pura , Qila Didar Singh', '52250', 'Gujranwala', 0, '+923235519959'),
(36, 'Syed moshin shah', 8, 3, '2019-06-27 16:26:36', 'KU1823351', 'Asrar shah', 'RUKHSANA BIBI', 'lahore ', '0000-00-00', 0, 0, 'pakistani', 'HOUSE NO.402, BLOCK D, STREET NO.3,\r\nNFC HOUSING SOCIETY', '54000', 'LAHORE', 0, '+923314358602'),
(37, 'ŞÜKRÜ EMİR ÖZORPAK', 2, 2, '2019-06-28 16:12:15', '5646654a465', '', '', '', '0000-00-00', 0, 0, '', 'YENİ MAH CENGİZ TOPEL CAD NO:17', '56100', 'SİİRT', 0, '+904842240152'),
(38, 'Umair Sidiqi', 5, 1, '2019-06-29 08:57:15', 'HZ5469411', 'Muhammad Rafique', '', 'Faisalabad ', '0000-00-00', 0, 0, 'Pakistan', 'House 237, Colony Usmania Park, Jaranwala', '38000', 'Faisalabad', 0, '+923235519959'),
(39, 'Muhammad Zain Zulfiqar', 5, 1, '2019-06-29 09:15:24', 'BD5780641', 'Zulfiqar Ali', '', 'Sheikhupura ', '0000-00-00', 0, 0, 'Pakistan', 'Dhak Khana Khas Kotli Samooro ', '39350', 'Sheikhupura', 0, '+923235519959'),
(40, 'ŞÜKRÜ EMİR ÖZORPAK', 9, 2, '2019-06-29 15:19:21', '12312312312', '', '', '', '0000-00-00', 0, 0, '', '', '56100', 'SİİRT', 0, '+904842240152'),
(42, 'RANA', 19, 3, '2019-07-01 13:57:32', 'BK0934142', 'MD BAJLUR RAHMAN', 'TAHMINA BEGUM', 'BANGLADESH', '1998-12-15', 0, 0, 'BANGLADESH', 'YOUSUFDIA, TUGOLDIA, SALTHA', '7840', 'FARIDPUR', 0, '+8801684514037'),
(43, 'Fawad Khan', 15, 2, '2019-07-01 14:15:55', 'WB4138361', 'Fazal Manan', 'Rukhsana Bibi', 'Swat', '1999-02-27', 1, 1, 'Pakistani', 'Village Miangan Cham Odigram, Tehsil and District Swat, KP Pakistan', '19211', 'Swat', 0, '+923409234931'),
(45, 'ADNAN IMRAN', 15, 2, '2019-07-01 18:17:38', 'DH1229442', 'IMRAN ZAFAR', 'FATIMA IMRAN', 'JEHLUM', '1995-11-23', 0, 0, 'PAKISTANI', 'HOUSE NUMBER G-318, STREET 7, MACHINE MOHALLAH NO 2, ', '49600', 'JEHLUM', 0, '+922134830013'),
(46, 'FAHAD SULTAN', 15, 2, '2019-07-01 18:30:11', 'BY5770412', 'SULTAN SALEH', 'FARIHA SULTAN', 'KARACHI', '1987-08-01', 0, 0, 'PAKISTANI', 'HOUSE NO. E-62, BLOCK 518, MOHALLA OFFICERS MESS, PAF FAISAL, ', '74350', 'KARACHI', 0, '+922134830013'),
(48, 'MAAZ', 23, 2, '2019-07-01 19:34:04', 'BM039129', 'MOHAMMED', 'Rahma', 'MAKKAH', '0000-00-00', 0, 0, 'PAKISTAN', 'hay altndabawi', '12345', 'MAKKAH', 0, '+966 53 396 4630'),
(49, 'HAITHAM', 23, 2, '2019-07-01 19:52:35', 'F2678581', 'MOHAMMAD ABDULKARIM ABDULGALIL', 'NOORJAHANBIGAM', 'MAKKAH', '1999-12-17', 0, 0, 'Bangladesh', ' Mecca- umrah aljadiduh', '12346', 'MAKKAH', 0, '+966557089699'),
(50, 'Marwan ', 23, 3, '2019-07-01 20:23:38', 'LZ9998991', 'Salamat Ullah', 'Dildar', 'MADINA', '0000-00-00', 0, 0, 'PAKISTAN', 'hayi shaza', '12354', 'MADINA', 0, '0591571259'),
(51, 'Sumaira Malik', 15, 2, '2019-07-01 21:03:25', '42201-9020934-0', 'Malik Muhammad Aslam', 'Lubna Malik', 'Karachi', '1985-02-05', 0, 0, 'Pakistani', 'Flat No. G/1, Gilaan Garden, Nishtar Road, Garden East', '75500', 'Karachi', 0, '+9220134830013'),
(52, 'SIRAJ UL HAQ', 15, 1, '2019-07-01 21:10:13', 'AD6397743', 'FEROZUDDIN AWAN', 'SIMRA AWAN', 'KARACHI', '1987-05-24', 0, 0, 'PAKISTANI', 'HOUSE NO. R 54, BLOCK 6, GULSHAN E IQBAL,', '75300', 'KARACHI', 0, '+922134830013'),
(53, 'Nouman Atta', 5, 2, '2019-07-02 10:59:30', 'AX1494811', 'Atta Muhammad', '', 'Multan', '1991-09-16', 0, 0, 'Pakistan', 'House # 42/888 NA , Street # 6, Usmana Abad Colony', '60000', 'Multan', 0, '+923235519959'),
(54, 'Sikander', 25, 2, '2019-07-03 13:21:05', 'EL8207601', 'Jameel Khan', 'Usra BB', 'Swabi, Pak', '0000-00-00', 0, 0, 'Pakistan', 'G16, 7th Floor, Descon Plaza', '75500', 'Karachi', 0, '00923128765598'),
(55, 'Ejaz', 25, 2, '2019-07-04 10:56:58', 'AW4202362', 'Kamal', 'Urwa Khatoon', 'Swabi, Pak', '0000-00-00', 0, 0, 'Pakistan', 'G16, 7th Floor Descon Plaza', '75500', 'Karachi', 0, '00923128765598'),
(56, 'ASAM', 23, 2, '2019-07-04 14:23:44', 'AR9992102', 'MUHAMMAD NASEEM', 'Sajida', 'MAKKAH', '0000-00-00', 0, 0, 'PAKISTAN', 'nikasa  MAKKAH', '12365', 'MAKKAH', 0, '+966503695667'),
(58, 'ABDUL AZIZ', 23, 2, '2019-07-04 14:51:21', 'BH0539281', 'JOBAUR', 'SADIA', 'JEDDAH', '0000-00-00', 0, 0, 'Bangladesh', 'DAMMAM', '8524', 'DMAMMA', 0, '+966 50 653 1813'),
(59, 'BABAR ALI', 15, 1, '2019-07-06 03:49:47', 'SE1819231', 'SHAH NAWAZ', 'MUMTAZ SHAHNAWAZ', 'KARACHI', '1993-08-14', 0, 0, 'PAKISTANI', 'HOUSE NO. 29, STREET 3, SECTOR 1, HBCHS, NAVAL COLONY, HUB RIVER ROAD, BALDIA', '75760', 'KARACHI', 0, '+922134830013'),
(60, 'ISLAM', 19, 2, '2019-07-07 10:05:22', 'BR 0195979', 'KAZI ABDUR RAZZAK', 'KAZI NURJAHAN BEGUM', 'COMILLA', '0000-00-00', 0, 0, 'BANGLADESH', 'CHANDUL,MIA BAZAR,CHAUDDAGRAM', '3550', 'COMILLA', 0, '+8801834283439'),
(61, 'mansur beştaş', 2, 5, '2019-07-08 11:39:46', '99009900', 'deneme baba', '', '', '0000-00-00', 1, 2, '', '', '', '', 190, ''),
(62, 'ADEFUNKE MODUPEOLUWA OMIDOKUN', 21, 2, '2019-07-08 15:44:33', 'A04498859', 'MR OMIDOKUN', 'MRS OMIDOKUN', 'LAGOS', '0000-00-00', 2, 1, 'NIGERIAN', 'DOSFOT LIMITED 44 LOME STREET WUSE ZONE 7 ABUJA', '23409', 'ABUJA', 140, '+2347038375584'),
(63, 'ABISOLA ADEOLA BABALOLA', 21, 2, '2019-07-09 16:03:03', 'A50351378', 'MR OMIDOKUN', 'MRS AYINKE OMIDOKUN', 'LAGOS', '0000-00-00', 1, 2, 'NIGERIAN', 'DOSFOT LIMITED 44 LOME STREET WUSE ZONE 7', '23409', 'ABUJA', 140, '2347038375584'),
(64, 'ANITA YEBOAH GYASI', 7, 8, '2019-07-09 20:21:52', 'G2179984', 'KWAME GYASI', 'EMELIA TAKYIWAA', 'DROBO', '0000-00-00', 2, 1, 'GHANAIAN', 'P. O. BOX 58\r\nJAPEKROM', '00233', 'DROBO', 59, '00233546527176'),
(65, 'Nabeel Imtiaz', 5, 2, '2019-07-10 11:21:02', 'AT1275012', 'Imtiaz Hussain', 'Musarat Nawaz', 'Madina', '1997-11-01', 1, 1, 'Pakistan', 'House # 210, R I , Johar Town ,', '54000', 'Lahore', 144, '03235519959'),
(66, 'Micheal Chimeremeze ', 12, 2, '2019-07-10 18:43:32', 'A09147561', 'Nwaosu', 'Bridget', 'Lagos', '2023-10-20', 1, 1, 'Nigerian', 'SUITE C6 & C7, ROYAL PLAZA, FRIA CLOSE, OPPOSITE EFCC', '090011', 'ABUJA', 140, '08069649333'),
(67, 'Collins Osaze Ogbeide', 12, 2, '2019-07-10 19:07:12', 'A09474927', 'osaze Ogbeide', 'monica', 'Alusa Lagos', '0000-00-00', 1, 1, 'Nigerian', 'Plot 408, E Close\r\nFirst Avenue\r\nGwarimpa', '090011', 'ABUJA', 140, '08069649376'),
(68, 'BENJAMIN MAWUKO BEBLI', 7, 8, '2019-07-16 23:22:34', 'G2388985', 'JOHN BEBLI', 'MARGARET TETTEH', 'MOREE', '0000-00-00', 1, 2, 'GHANAIAN', 'ABURA-ASEBU-AKWAMAN KESE\r\nCENTRAL REGION', '00233', 'TEMA', 59, '00233244956480'),
(69, 'Oranyeli David afam', 21, 2, '2019-07-17 09:13:34', 'A10549456', 'Charles oranyeli', 'Uche oranyeli', 'Jos', '2027-05-02', 0, 0, 'Nigeria', 'Dosfot limited 44 Lome crescent, wuse zone 7 abuja', '23409', 'Abuja', 140, '2347038375584'),
(70, 'Md Zakir Hossain ', 10, 2, '2019-07-18 14:09:22', 'BN0875496', 'Bajid Miah', 'Rupban Begum', 'Moulvibazar', '0000-00-00', 1, 1, 'Bangladeshi', 'Sadapur, Mukambazar, Rajnagar, Moulvibazar', '3240', 'Moulvibazar', 15, '+8801710986208'),
(71, 'JUSTINA AIDOO', 31, 2, '2019-07-18 22:54:52', 'G1446784', 'JUSTICE BOATENG', 'VICTORIA ADDAI', 'KUMASI', '0000-00-00', 2, 2, 'GHANA', 'PLOT 11 BLOCK 22, BOHYEN - KUMASI', '23321', 'KUMASI', 59, '+233262164818'),
(72, 'NEMATULLAH  HASSANI', 5, 2, '2019-07-19 09:43:15', 'PO2261502', 'HASHIM ', 'KEBRA', 'DAYKUNDI', '0000-00-00', 1, 1, 'AFGHAN', '13th district, marefat road, Kabul, Afghanistan', '1001', 'KABUL', 2, '0093784730707 , 0093'),
(73, 'ARZO AMERI ', 5, 2, '2019-07-19 10:07:32', '02066582', 'MASJEDI ', 'MARYAM ', 'KABUL', '0000-00-00', 2, 1, 'AFGHAN', '6TH DISTRICT, QALAI SHADA  Kabul, Afghanistan', '1001', 'KABUL', 2, '0093784730707, 00937'),
(74, 'Akif Al Majed ', 10, 2, '2019-07-20 11:53:09', 'BX0005808', 'S M Jahangir Hossain ', 'Majeda Khanom', 'Bagerhat', '0000-00-00', 1, 0, 'Bangladeshi', 'Haji Camp Ashkona, Dakshin Khan, Dhaka', '1230', 'Dhaka', 15, '+8801819456748'),
(75, 'Naomi Sreejita Debnath', 10, 2, '2019-07-21 16:42:10', 'BP0042539', 'Timothy Manuj Debnath', 'Elizabeth Swati Debnath', 'Netrokona', '0000-00-00', 2, 1, 'Bangladeshi', '66/7 West Rajabazar, Indira Road, Tejgaon, Tejgaon, Dhaka', '1215', 'Dhaka', 15, '+8801711737610'),
(77, 'Noor SoyaD', 23, 2, '2019-07-21 17:29:59', 'BY 0607213', 'Mohammad ', 'Shahanas ', 'ARAKAN', '0000-00-00', 1, 1, 'BANGLADES', 'Chandgaon R/A,Chittagong', '123456', 'BANGLADES', 134, '018187053'),
(78, 'Agbakwu chantelle nwamaka', 21, 2, '2019-07-21 17:45:20', 'A00363946', 'Mr agbakwu', 'Ms Linda agbakwu', 'Lagos', '0000-00-00', 2, 0, 'Nigeria', 'Dosfot Limited, 44 Lome crescent, wuse zone 7 abuja', '23409', 'Abuja', 140, '2347038375584'),
(79, 'Mohammed Abdullah', 23, 2, '2019-07-21 18:30:15', 'BM016043', 'Noorulislam', 'shkilakhanam', 'MAKKAH', '0000-00-00', 1, 1, 'PAKSTAN', 'MAKKAH', '14785', 'MAKKAH', 0, '966534481226'),
(80, 'HASSAN MHEICH', 33, 3, '2019-07-22 13:53:37', 'LR0342382', 'ALI', 'NAJAH TABBOUCH', 'EL NABI YOUCHAA', '2024-09-20', 1, 1, 'LEBANESE', 'AZMI STRET HELWE BUILDING 1ST FLOOR ', '1300', 'TRIPOLI', 114, '009613365025'),
(81, 'ishaq muhammad', 23, 2, '2019-07-22 16:28:37', 'BM021487', 'muhammad nazeer', 'Hamida', 'makkah', '1998-02-08', 1, 1, 'pakistan', 'saudi arabi - makkah - showqia', '24211', 'MAKKAH', 175, '+966555740645'),
(82, 'Hammad', 23, 2, '2019-07-22 17:07:03', 'BT0656653', 'Mohammed ', 'Noorjahan', 'makkah', '1999-08-01', 1, 1, 'BANGLADISH', 'MAKKAH', '12345', 'MAKKAH', 195, '580655984'),
(83, 'MOHAMMED YUSUF', 23, 2, '2019-07-22 18:04:21', 'BY0347315', 'ALI AHMED ', 'LAILA BEGUM', 'COX''S BAZAAR', '1996-11-23', 1, 1, 'BANGLADISH', 'COX''S BAZAAR - BANGLADISH', '12345', 'COX'' BAZAAR', 15, '01885089734'),
(85, 'MAMED ', 23, 2, '2019-07-22 19:43:16', 'BT0398019', 'HASOON', 'ROWSHIDA KHATUN', 'COX'' BAZAAR', '1999-05-15', 1, 0, 'BANGLADISH', 'COX''S BAZAAR ', '12345', 'CHITTAGONG', 15, '+8801854358460'),
(86, 'Adetola Andrew okunlola', 21, 2, '2019-07-23 09:36:35', 'A08415104', 'Mr okunlola', 'Mrs okunlola', 'Ibadan', '0000-00-00', 1, 1, 'Nigeria', 'Dosfot limited 44 Lome crescent wuse zone 7 abuja', '23409', 'Abuja', 140, '2347038375584'),
(87, 'SI THN TUN', 23, 2, '2019-07-23 16:24:07', 'MD636435', 'OHID UDDIN', 'MM', 'YANGON', '0000-00-00', 1, 1, 'MYANMAR', 'MAYANMAR', '8521', 'YONGON', 124, '9095081019'),
(88, 'omar', 22, 2, '2019-07-23 17:10:26', '104-19-L011490', 'safouh', '', 'lebanon', '0000-00-00', 1, 1, 'Palestinian ', 'UAE', '', 'sharjah', 23, '00971545825833'),
(89, 'JUSTICE DELASI HAVE', 31, 2, '2019-07-23 22:22:05', 'G0894379', 'FRANKLIN HAVI', 'BLESSED AGBO', 'KPOETA', '0000-00-00', 1, 1, 'GHANAIAN', 'P. O. BOX 58, DUAYAW NKWANTA\r\n\r\n', '23321', 'BRONG AHAFO REGION', 59, '+233540651414'),
(90, 'MD TAJUDDIN ', 10, 2, '2019-07-24 13:14:26', 'BT0618382', 'RASHED ALI ', 'RUNNESHA ', 'SYLHET ', '0000-00-00', 1, 1, 'BANGLADESHI ', 'KEOWH, KHADIMNAGAR, SHAHPORAN, SYLHET ', '3120', 'SYLHET', 15, '+8801726844846'),
(91, 'MD RAKIBUL ISLAM ', 10, 2, '2019-07-24 13:22:08', 'BX0708820', 'MD BASHIRUL ISLAM ', 'FATEMA BEGUM ', 'CUMILLA', '0000-00-00', 1, 1, 'BANGLADESHI', 'BARASHALGHAR, BARASHALGHAR,DEBIDWAR, CUMILLA', '3532', 'CUMILLA', 15, '+8801821929867'),
(92, 'Mohammed Aziz', 23, 2, '2019-07-24 13:51:01', 'BY 0628770', 'Zamir Husen', 'Rashida', 'arakan', '0000-00-00', 1, 1, 'BANGLADISH', 'Thaingkhali ,Ukhiya, Cox''s Bazar', '12345', 'BANGLADISH', 0, '881731514194'),
(93, 'TAHA ABDELHAMID', 22, 2, '2019-07-25 16:56:57', 'A12775710', 'MOHAMED ', '', 'united arab emirates ', '0000-00-00', 1, 1, '', '', '', '', 23, ''),
(94, 'MAHRUKH AMEEN', 15, 2, '2019-07-25 20:32:55', 'FE1205471', 'MUHAMMAD AMEEN NASIR', 'JAHAN ARA', 'KARACHI', '1996-02-21', 2, 1, 'PAKISTANI', 'HOUSE NO.B-122, AREA ALFALAH HOUSING SOCIETY MALIR HALT,', '75080', 'KARACHI', 144, '+922134830014'),
(95, 'ALI SHAN AKHTAR', 15, 2, '2019-07-25 22:20:54', 'LN1349841', 'MUHAMMAD AKHTAR', 'ZUBAIDA AKHTAR', 'FAISALABAD', '1990-05-26', 1, 1, 'PAKISTANI', 'HOUSE NO. 237/A, NAZD KALIYAR TOWN, GALI NO. 5, MUHALLA CHIMA COLONY', '40100', 'SARGODHA', 144, '00922134830014'),
(96, 'MUHAMMAD USAMA KHALID', 15, 2, '2019-07-26 19:58:18', 'MZ4140691', 'RAO MUHAMMAD KHALID ZAFAR', 'SULTANA BIBI', 'KARACHI', '1993-09-22', 1, 1, 'PAKISTANI', 'House No. 10, Street Sharea Hafeez, Sector 3, Haroon Behria Cooperative Housing Society, Hub River Road, Naval Colony, ', '75790', 'KARACHI', 144, '00922134830014'),
(97, 'WAQAS AHMAD', 15, 2, '2019-07-26 20:26:07', 'YH1163561', 'MUHAMMAD FAIZ', 'KULSOOM BIBI', 'MIANWALI', '1994-03-13', 1, 1, 'PAKISTANI', 'NASIRABAD, KHANQAH SIRAJIYA, DAKKHANA WAPDA COLONY, TEHSIL PIPLAN DISTRICT', '42200', 'MIANWALI', 144, '00922134830014'),
(98, 'JUNAID IMRAN', 15, 2, '2019-07-26 20:57:08', 'EN1229563', 'IMRAN ZAFAR', 'FATIMA IMRAN', 'JHELUM', '2000-03-23', 1, 1, 'PAKISTANI', 'HOUSE NO. G-318, STREET 7, MACHINE MOHALLAH NO 2, ', '49600', 'JEHLUM', 144, '+922134830014'),
(99, 'LAL DEVI', 15, 2, '2019-07-27 17:14:13', 'AA7695623', 'MOHAN DASS', 'SUSHMITA DASS', 'KARACHI', '1987-11-22', 2, 2, 'PAKISTANI', 'DG.1, Zafar Arcade, Chandni Chawk, Stadium Road, ', '75400', 'KARACHI', 144, '00922134830014'),
(100, 'RAJA RAJAN LAL', 15, 2, '2019-07-27 17:43:47', 'DS8794002', 'MOHAN DASS', 'SUSHMITA DASS', 'KARACHI', '1989-08-16', 1, 1, 'PAKITANI', 'DG.1, Zafar Arcade, Chandni Chawk, Stadium Road', '75400', 'KARACHI', 144, '00922134830014'),
(101, 'HAMZA ', 15, 3, '2019-07-27 18:24:01', 'AQ6212092', 'NAZIR HUSSAIN', 'RUBI NAZIR', 'LAHORE', '1995-11-30', 1, 1, 'PAKISTANI', 'HOUSE NO. 18, STREET NO. 1, MOHALLAH KHAN PARK, KHOKHAR ROAD, BADAMI BAGH, ', '54950', 'LAHORE', 144, '00922134830014'),
(102, 'ALEEM ZAHEER', 15, 3, '2019-07-27 18:49:21', 'LN4126521', 'ZAHEER UD DIN BABAR', 'HUMA ZAHEER', 'SIALKOT', '2000-03-21', 1, 1, 'PAKISTANI', 'MUHALLA SHEIKHABAD, JAHANGIRA, TEHSIL LAHORE, ZILA SAWABI,', '23430', 'SAWABI', 144, '00922134830014'),
(103, 'MUHAMMAD NABEEL', 15, 2, '2019-07-27 19:23:49', 'BF9008421', 'MUHAMMAD AKMAL', 'TAHIRA AKMAL', 'SWABI', '1998-02-21', 1, 1, 'PAKISTANI', 'MUHALLA SHEIKHABAD, JAHANGIRA, TEHSIL LAHORE, ZILA SAWABI,', '23430', 'SWABI', 144, '00922134830014'),
(104, 'MUHAMMAD WAQAS ZAMEER', 15, 2, '2019-07-27 20:46:11', 'AS5228832', 'MUHAMMAD ZAMEER SIDDIQUI', 'ASMA ZAMEER', 'KARACHI', '1991-06-20', 1, 1, 'PAKISTANI', 'HOUSE NO. 86, USMANIA COLONY, NAZIMABAD', '74600', 'KARACHI', 144, '00922134830014'),
(105, 'MUHAMMAD SUBHAN SADDIQUE', 15, 3, '2019-07-27 22:35:30', 'JS5465841', 'MUHAMMAD SADDIQUE', 'NAJMA SADDIQUE', 'LAHORE', '1997-02-04', 1, 1, 'PAKISTANI', 'HOUSE NO. 20, MOHALLA TAJ GHAZI PARK SHAAD BAGH,', '54000', 'LAHORE', 144, '00922134830014'),
(106, 'MUHAMMAD ABU BAKAR', 15, 2, '2019-07-27 22:40:33', 'AJ1036651', 'ABDUL TAWAB', 'HAJRA TAWAB', 'FAISALABAD', '1998-02-14', 1, 1, 'PAKISTANI', 'HOUSE NO. P-814, STREET NO 20, MUHALLAH TARIQ ABAD ', '38000', 'FAISALABAD', 144, '00922134830014'),
(107, 'MD NASIR SARKER ', 10, 2, '2019-07-28 10:58:29', 'BW0985547', 'M G MOSTAFA SARKER ', 'NAZMA BEGUM ', 'CHANDPUR', '0000-00-00', 1, 2, 'BANGLADESHI', 'FLAT-A, HOUSE 15/9, MODHUBAGH, MOGBAZAR, SHANTINAGAR, RAMNA, DHAKA', '1217', 'DHAKA', 15, '01536168919'),
(108, 'MD ABDUL AJAD', 10, 2, '2019-07-28 11:07:00', 'EB0007265', 'MD FARUK MIAH', 'RABEYA BEGUM ', 'SYLHET', '0000-00-00', 1, 1, 'BANGLADESHI', 'GAGITA, GHAGTIA, KULAURA, MOULVIBAZAR', '3230', 'SYLHET', 15, '01777173617'),
(109, 'ABU HENA MOHAMMAD MANZURUL AREFIN  ', 10, 2, '2019-07-28 11:32:14', 'BE0822433', 'MOHAMMAD ABDUL MANNAN ', 'PARVIN AKTHER', 'CHITTAGONG', '0000-00-00', 1, 1, 'BANGLADESHI', 'MAIT BANGLA, UNION NO-05, SHIBERHAT, SANDWIP, CHITTAGONG ', '4300', 'CHITTAGONG ', 15, '01712545300'),
(110, 'MD MAHMUDUL HASSAN ', 10, 2, '2019-07-28 12:36:23', 'EA0916410', 'MD TASLIM MIAH', 'AZIZUN NAHAR', 'MOULVIBAZAR', '0000-00-00', 1, 1, 'BANGLADESHI', 'SHAMSHER NAGAR, UNION ROAD, SHAMSHER NAGAR, KAMALGANJ, MOULVIBAZAR', '3220', 'MOULVIBAZAR', 15, '01714360162'),
(111, 'MD RAISUL ISLAM RIAD ', 10, 2, '2019-07-28 15:50:51', 'EB0324670', 'MD RAFIQUL ISLAM ROBI', 'DELOWARA BEGUM ', 'NARSINGDI', '0000-00-00', 1, 1, 'BANGLADESHI', 'NAOKANDI, KATHALIA, NARSINGDI SADAR, NARSINGDI', '1600', 'NARSINGDI', 15, '01720186612'),
(112, 'SAHJAHAN KHAN ', 23, 2, '2019-07-29 21:29:29', 'BY0062716', 'NOR BAWSHAW', 'HALİMA KHATUN', 'CHITTAGOMG', '0000-00-00', 0, 1, 'BANGLADISH', 'CHITTAGONG', '12345', 'CHITTAGONG', 15, '+880 1830573123'),
(113, 'STEPHEN KWAME APPIAH', 31, 2, '2019-07-30 10:01:27', 'G2406753', 'William Kobina Appiah', 'Esther Akpene Agbeze', 'ACCRA', '1996-04-06', 1, 1, 'GHANAIAN', 'B 957/ 7 ORGLE ROAD, NORTH KANESHIE\r\nP.O Box NK 276 NORTH KANESHIE', '23321', 'ACCRA', 59, '+233501149171'),
(114, 'Mohammed Musa', 23, 2, '2019-07-31 17:40:21', 'BY0347326', 'Ali Ahmed', 'Lair La Begum', 'Bangladesh', '0000-00-00', 1, 1, 'Bangladesh', ' Block(B-2),Camp No.(14),Hakimpara, Cox''s Bazaar,Bangladesh', '5564', 'Bangladesh', 15, '01846074223'),
(115, 'Mohammad ibrahim', 23, 2, '2019-07-31 17:47:28', '01845443176', 'Moktar ahmed', 'Afjal khatun', 'Arakan', '0000-00-00', 1, 1, 'Bangladesh', 'Kutupalong, Ukhiya, Cox''s Bazar.', '5564', 'Bangladesh', 15, 'Kutupalong, Ukhiya, '),
(116, 'ABDULAZIZ ABDULAH', 23, 2, '2019-07-31 17:57:05', 'P05118491', 'ABDULAH', 'FATIMA', 'MAKKAH', '0000-00-00', 1, 1, ' Sudan', 'MAKKAH', '9996', 'MAKKAH', 175, ' 506124723'),
(117, 'Idris', 23, 2, '2019-08-01 20:03:56', 'BJ0459047', 'Mohammed younus', 'Noorah', 'MAKKAH', '0000-00-00', 1, 1, 'Bangladesh', ' Jeddah', '9963', 'MAKKAH', 175, '509162058'),
(118, 'adnan ', 23, 2, '2019-08-03 17:48:19', 'AK1409353', 'jaffar', 'nasema', 'MAKKAH', '0000-00-00', 1, 1, 'pakstan', 'makkah', '7412', 'MAKKAH', 175, '504935449'),
(119, 'OMAR OMAR ', 23, 2, '2019-08-04 05:20:48', 'bj0770549', 'YAR MOHAMMED', 'LALU BEGUM', 'makkah', '1995-05-31', 1, 1, 'BANGLADISH', 'makkah', '12345', 'MAKKAH', 175, '+966580688003'),
(120, 'MOHAMMED MOHAMMAD', 23, 2, '2019-08-04 05:39:02', 'pf0158772', 'saeed noor', 'SUFIA', 'MAKKAH', '1996-11-20', 1, 1, 'pakistan', 'MAKKA', '12345', 'MAKKAH', 175, '+966550018246'),
(121, 'RAED', 23, 2, '2019-08-04 19:59:07', 'BJ0671301', 'Saeed', 'Gul bakha', 'makkah', '2000-02-29', 1, 1, 'BANGLADISH', 'ALKAKEHA', '1358', 'MAKKAH', 175, '559091843'),
(122, 'hailma', 23, 2, '2019-08-04 20:32:49', 'bp0810065', 'safullah', 'mohsena begum', '', '0000-00-00', 2, 1, 'Bangladesh', 'Bangladesh', '9875', 'Bangladesh', 15, '01856902329'),
(123, 'suzan', 23, 2, '2019-08-04 20:50:57', 'ld9993821', 'muhammad', 'FATIMA', 'MAKKAH', '0000-00-00', 2, 1, 'pakstan', 'kakeha', '98745', 'MAKKAH', 175, ''),
(125, 'MORTAZA', 23, 2, '2019-08-07 13:00:24', 'BR0784397', 'ABUL KALAM', 'SALIMA KHATUN', 'Madinah Almunawara ', '1996-02-05', 0, 0, 'Bangladesh', 'Madinah Almunawara ', '9896', 'Madinah Almunawara ', 173, '532917066'),
(126, 'Ibtisam', 23, 2, '2019-08-07 13:06:10', 'BJ0039586', 'Late Abul Kalam', ' Nasima', 'Arakan', '0000-00-00', 0, 0, 'Bangladesh', '889/B, Old Biman Office, Chattogram', '8524', 'Bangladesh', 15, '1878366140'),
(127, 'KHIN HNIN', 23, 2, '2019-08-07 13:30:37', ' MD 867180', 'ABUKARLAN', 'HASINA BEGUM', 'Yangon', '0000-00-00', 2, 1, 'Myanmar.', 'Myanmar.', '7412', 'Myanmar.', 134, '787786100)'),
(129, 'ISA', 23, 2, '2019-08-07 20:07:14', 'MC580314', 'MOJAHAR', 'HAMEDA', 'makkah', '1996-08-08', 1, 1, 'MYANMAR', 'MAKKAH', '9852', 'MAKKAH', 175, '534806285'),
(130, 'HAKEEM NUHU', 31, 2, '2019-08-08 01:41:20', 'G1852328', 'MOHAMMED NUHU', 'USMAN FAIZATU', 'ACCRA', '1991-06-01', 1, 1, 'GHANAIAN', 'HSE NO. E 5/10 ASHALEY BOTWE', '23321', 'ACCRA', 59, '+233541537253'),
(131, 'Anosha Fatima', 15, 1, '2019-08-08 09:45:48', 'JM8459221', 'Ghulam Rasool', 'GHULAM FATIMA', 'Bahawalpur', '0000-00-00', 2, 1, 'Pakistan', 'BASTI  RASOOL ABAD JAMAL PUR, POST OFFICE KHAS , \r\nTAHSEEL BAHAWALPUR , DISTRICT BAHAWALPUR. \r\n\r\n', '63100', 'Bahawalpur', 144, '00923365959597'),
(132, 'Maria Rasheed', 15, 1, '2019-08-08 12:49:26', 'GK9844351', 'Muhammad Rasheed', 'IQBAL MAAYE', 'Bahawalpur', '0000-00-00', 2, 1, 'Pakistan', 'MOHALA DABKRAN WALA , QAIM PUR POST OFFICE  KHAS , TAHSEEL HASILPUR , ', '63100', ' BAHAWALPUR', 144, ''),
(133, 'hamid', 23, 2, '2019-08-09 15:52:13', 'P04309715', 'hossain', 'halima khatun', 'Bangladesh', '0000-00-00', 1, 1, 'Sudan', 'North of Mengdu-Tembro ', '9653', 'Sudan-khartoum_', 173, '249908893195'),
(134, 'Mohammad', 23, 2, '2019-08-09 16:06:15', 'BC0013279', 'Korshid Alom', 'Rashida Khatun', 'Bangladesh', '0000-00-00', 1, 1, 'Bangladesh', 'Block (G-10), Camp-10, Balukhali-1, Ukhiya, Cox’s Bazar, Bangladesh\r\nPostal Code No: 4700', '4563', 'Bangladesh', 15, '+8801910950586/'),
(135, 'Hla Thu Zar', 23, 2, '2019-08-09 16:11:36', 'MB928805', 'Ali Bur Rahaman', 'Daw Mie Mie Maung', 'Arakan', '0000-00-00', 2, 1, 'Arakan', 'Jetty Road, Quarter- 1 , Maungdaw Rakhine State ,\r\nMyanmar', '6985', 'Myanmar', 134, '+31652360776'),
(136, 'ibrahim', 23, 2, '2019-08-12 23:17:49', 'BX0342037', 'abdulhalim ', 'fatema', 'MAKKAH', '1992-01-05', 0, 0, 'Bangladesh', 'saudi arabia , makkah', '12558', 'MAKKAH', 175, '537712718');

-- --------------------------------------------------------

--
-- Table structure for table `ogrenci_durum`
--

CREATE TABLE IF NOT EXISTS `ogrenci_durum` (
  `oogrenci_durum_id` int(255) NOT NULL AUTO_INCREMENT,
  `ogrenci_durum_adi` varchar(255) CHARACTER SET utf8 COLLATE utf8_bin DEFAULT NULL,
  PRIMARY KEY (`oogrenci_durum_id`)
) ENGINE=InnoDB  DEFAULT CHARSET=latin1 AUTO_INCREMENT=9 ;

--
-- Dumping data for table `ogrenci_durum`
--

INSERT INTO `ogrenci_durum` (`oogrenci_durum_id`, `ogrenci_durum_adi`) VALUES
(1, 'Rejected'),
(2, 'In Process'),
(3, 'Accepted'),
(5, 'Waiting for Program Selection'),
(6, 'Registered'),
(7, 'Waiting for Documents'),
(8, 'Waiting for Submission');

-- --------------------------------------------------------

--
-- Table structure for table `ogrenci_secimi`
--

CREATE TABLE IF NOT EXISTS `ogrenci_secimi` (
  `id` int(255) NOT NULL AUTO_INCREMENT,
  `o_id` int(255) DEFAULT NULL,
  `f_id` int(255) DEFAULT NULL,
  `b_id` int(255) DEFAULT NULL,
  `zaman` datetime DEFAULT NULL,
  PRIMARY KEY (`id`)
) ENGINE=InnoDB  DEFAULT CHARSET=latin1 AUTO_INCREMENT=104 ;

--
-- Dumping data for table `ogrenci_secimi`
--

INSERT INTO `ogrenci_secimi` (`id`, `o_id`, `f_id`, `b_id`, `zaman`) VALUES
(4, 26, 1, 1, '2018-12-04 09:44:36'),
(5, 28, 1, 1, '2019-01-02 13:53:46'),
(6, 29, 2, 2, '2019-06-21 12:44:42'),
(7, 30, 28, 9, '2019-06-24 16:07:00'),
(8, 32, 25, 18, '2019-06-26 16:07:10'),
(9, 33, 11, 92, '2019-06-26 16:26:42'),
(10, 34, 11, 88, '2019-06-26 17:22:06'),
(11, 37, 10, 94, '2019-06-28 16:16:28'),
(12, 38, 11, 92, '2019-06-29 08:59:03'),
(13, 39, 11, 92, '2019-06-29 09:16:39'),
(15, 42, 8, 97, '2019-07-01 14:04:25'),
(16, 43, 11, 88, '2019-07-01 14:29:03'),
(17, 45, 14, 78, '2019-07-01 18:20:55'),
(18, 46, 25, 16, '2019-07-01 18:39:39'),
(19, 51, 27, 10, '2019-07-01 21:06:19'),
(20, 52, 7, 103, '2019-07-01 21:13:48'),
(21, 53, 25, 16, '2019-07-02 11:04:21'),
(22, 36, 8, 97, '2019-07-02 15:02:26'),
(23, 54, 24, 22, '2019-07-03 14:36:22'),
(24, 55, 24, 32, '2019-07-04 11:00:47'),
(25, 50, 11, 91, '2019-07-04 14:07:27'),
(26, 59, 11, 89, '2019-07-06 03:51:33'),
(27, 60, 25, 16, '2019-07-07 11:38:55'),
(28, 62, 25, 16, '2019-07-08 15:48:59'),
(29, 63, 25, 16, '2019-07-09 16:30:48'),
(30, 64, 14, 78, '2019-07-09 20:26:30'),
(31, 65, 8, 97, '2019-07-10 11:27:28'),
(32, 66, 11, 92, '2019-07-10 18:48:55'),
(33, 67, 7, 101, '2019-07-10 19:17:10'),
(34, 68, 25, 16, '2019-07-16 23:34:15'),
(35, 69, 9, 95, '2019-07-17 14:03:29'),
(36, 70, 15, 76, '2019-07-18 14:39:17'),
(37, 71, 14, 78, '2019-07-18 23:29:08'),
(38, 72, 11, 92, '2019-07-19 09:50:15'),
(39, 73, 11, 92, '2019-07-19 10:17:44'),
(40, 74, 9, 95, '2019-07-20 12:02:05'),
(41, 75, 9, 95, '2019-07-21 16:49:10'),
(42, 49, 14, 78, '2019-07-21 18:20:57'),
(43, 79, 25, 14, '2019-07-21 19:03:03'),
(44, 56, 8, 97, '2019-07-21 19:11:34'),
(45, 48, 14, 78, '2019-07-21 19:28:38'),
(46, 58, 8, 99, '2019-07-21 19:36:51'),
(47, 80, 11, 91, '2019-07-22 15:46:23'),
(48, 82, 11, 92, '2019-07-22 18:27:23'),
(49, 81, 11, 92, '2019-07-22 18:54:57'),
(50, 85, 11, 92, '2019-07-22 19:46:31'),
(51, 78, 7, 103, '2019-07-23 08:54:39'),
(52, 86, 24, 32, '2019-07-23 09:53:13'),
(53, 77, 11, 92, '2019-07-23 16:13:31'),
(54, 88, 11, 89, '2019-07-23 17:11:20'),
(55, 89, 7, 103, '2019-07-24 01:16:13'),
(56, 87, 11, 89, '2019-07-24 12:35:10'),
(57, 90, 11, 88, '2019-07-24 13:18:36'),
(58, 91, 11, 89, '2019-07-24 13:23:32'),
(59, 83, 11, 89, '2019-07-24 13:32:47'),
(60, 92, 11, 89, '2019-07-24 13:53:21'),
(61, 93, 11, 89, '2019-07-25 17:03:01'),
(62, 94, 8, 99, '2019-07-25 20:43:03'),
(63, 95, 8, 97, '2019-07-25 22:23:14'),
(64, 96, 8, 97, '2019-07-26 20:02:35'),
(65, 97, 14, 79, '2019-07-26 20:29:56'),
(66, 98, 7, 103, '2019-07-26 21:03:59'),
(67, 99, 14, 79, '2019-07-27 17:18:40'),
(68, 100, 14, 78, '2019-07-27 17:45:01'),
(69, 101, 23, 34, '2019-07-27 18:25:45'),
(70, 103, 14, 79, '2019-07-27 19:26:59'),
(71, 102, 23, 37, '2019-07-27 20:23:08'),
(72, 104, 8, 96, '2019-07-27 20:47:46'),
(73, 105, 23, 37, '2019-07-27 22:36:18'),
(74, 106, 8, 99, '2019-07-27 22:41:13'),
(75, 107, 25, 20, '2019-07-28 11:00:22'),
(76, 108, 25, 18, '2019-07-28 11:10:04'),
(77, 109, 27, 10, '2019-07-28 11:38:15'),
(78, 110, 25, 20, '2019-07-28 12:42:02'),
(79, 111, 8, 99, '2019-07-28 15:53:11'),
(80, 112, 25, 14, '2019-07-29 21:32:41'),
(81, 113, 8, 99, '2019-07-30 10:35:31'),
(82, 114, 8, 97, '2019-07-31 17:42:23'),
(83, 115, 7, 101, '2019-07-31 17:50:21'),
(84, 116, 8, 97, '2019-07-31 18:40:25'),
(85, 117, 11, 92, '2019-08-01 20:28:09'),
(86, 118, 11, 91, '2019-08-03 17:51:32'),
(87, 119, 25, 16, '2019-08-04 05:27:37'),
(88, 120, 8, 97, '2019-08-04 19:54:20'),
(89, 121, 8, 97, '2019-08-04 20:05:53'),
(90, 122, 25, 16, '2019-08-04 20:42:48'),
(91, 123, 14, 78, '2019-08-05 17:16:26'),
(92, 124, 8, 97, '2019-08-06 18:31:26'),
(93, 125, 14, 78, '2019-08-07 13:02:00'),
(94, 126, 11, 92, '2019-08-07 13:16:34'),
(95, 127, 14, 78, '2019-08-07 13:34:06'),
(96, 129, 11, 90, '2019-08-07 20:14:01'),
(97, 130, 25, 15, '2019-08-08 01:59:26'),
(98, 131, 14, 78, '2019-08-08 09:55:49'),
(99, 132, 14, 78, '2019-08-08 12:54:54'),
(100, 133, 25, 18, '2019-08-09 16:04:23'),
(101, 134, 11, 89, '2019-08-09 16:09:11'),
(102, 135, 14, 78, '2019-08-09 16:17:35'),
(103, 136, 25, 17, '2019-08-12 23:23:06');

-- --------------------------------------------------------

--
-- Table structure for table `ulkeler`
--

CREATE TABLE IF NOT EXISTS `ulkeler` (
  `ulke_id` int(255) NOT NULL AUTO_INCREMENT,
  `ulke_adi` varchar(255) CHARACTER SET utf8 COLLATE utf8_bin DEFAULT NULL,
  PRIMARY KEY (`ulke_id`)
) ENGINE=InnoDB  DEFAULT CHARSET=latin1 AUTO_INCREMENT=207 ;

--
-- Dumping data for table `ulkeler`
--

INSERT INTO `ulkeler` (`ulke_id`, `ulke_adi`) VALUES
(1, 'Abhazya'),
(2, 'Afganistan'),
(3, 'Almanya'),
(4, 'Amerika Birleşik Devletleri'),
(5, 'Andorra'),
(6, 'Angola'),
(7, 'Antigua ve Barbuda'),
(8, 'Arjantin'),
(9, 'Arnavutluk'),
(10, 'Avustralya'),
(11, 'Avusturya'),
(12, 'Azerbaycan'),
(13, 'Bahamalar'),
(14, 'Bahreyn'),
(15, 'Bangladeş'),
(16, 'Barbados'),
(17, 'Batı Sahra'),
(18, 'Belarus'),
(19, 'Belçika'),
(20, 'Belize'),
(21, 'Benin'),
(22, 'Bhutan'),
(23, 'Birleşik Arap Emirlikleri'),
(24, 'Bolivya'),
(25, 'Bosna Hersek'),
(26, 'Botsvana'),
(27, 'Brezilya'),
(28, 'Brunei'),
(29, 'Bulgaristan'),
(30, 'Burkina Faso'),
(31, 'Burundi'),
(32, 'Cezayir'),
(33, 'Cibuti Cumhuriyeti'),
(34, 'Çad'),
(35, 'Çek Cumhuriyeti'),
(36, 'Çin Halk Cumhuriyeti'),
(37, 'Dağlık Karabağ Cumhuriyeti'),
(38, 'Danimarka'),
(39, 'Doğu Timor'),
(40, 'Dominik Cumhuriyeti'),
(41, 'Dominika'),
(42, 'Ekvador'),
(43, 'Ekvator Ginesi'),
(44, 'El Salvador'),
(45, 'Endonezya'),
(46, 'Eritre'),
(47, 'Ermenistan'),
(48, 'Estonya'),
(49, 'Etiyopya'),
(50, 'Fas'),
(51, 'Fiji'),
(52, 'Fildişi Sahilleri'),
(53, 'Filipinler'),
(54, 'Filistin'),
(55, 'Finlandiya'),
(56, 'Fransa'),
(57, 'Gabon'),
(58, 'Gambiya'),
(59, 'Gana'),
(60, 'Gine Bissau'),
(61, 'Gine'),
(62, 'Grenada'),
(63, 'Guyana'),
(64, 'Guatemala'),
(65, 'Güney Afrika Cumhuriyeti'),
(66, 'Güney Kore'),
(67, 'Güney Osetya'),
(68, 'Gürcistan'),
(69, 'Haiti'),
(70, 'Hırvatistan'),
(71, 'Hindistan'),
(72, 'Hollanda'),
(73, 'Honduras'),
(74, 'Irak'),
(75, 'İngiltere'),
(76, 'İran'),
(77, 'İrlanda'),
(78, 'İspanya'),
(79, 'İsrail'),
(80, 'İsveç'),
(81, 'İsviçre'),
(82, 'İtalya'),
(83, 'İzlanda'),
(84, 'Jamaika'),
(85, 'Japonya'),
(86, 'Kamboçya'),
(87, 'Kamerun'),
(88, 'Kanada'),
(89, 'Karadağ'),
(90, 'Katar'),
(91, 'Kazakistan'),
(92, 'Kenya'),
(93, 'Kırgızistan'),
(94, 'Kıbrıs Cumhuriyeti'),
(95, 'Kiribati'),
(96, 'Kolombiya'),
(97, 'Komorlar'),
(98, 'Kongo'),
(99, 'Kongo Demokratik Cumhuriyeti'),
(100, 'Kosova'),
(101, 'Kosta Rika'),
(102, 'Kuveyt'),
(103, 'Kuzey Kıbrıs Türk Cumhuriyeti'),
(104, 'Kuzey Kore'),
(105, 'Küba'),
(106, 'Lakota Cumhuriyeti'),
(107, 'Laos'),
(108, 'Lesotho'),
(109, 'Letonya'),
(110, 'Liberya'),
(111, 'Libya'),
(112, 'Liechtenstein'),
(113, 'Litvanya'),
(114, 'Lübnan'),
(115, 'Lüksemburg'),
(116, 'Macaristan'),
(117, 'Madagaskar'),
(118, 'Makedonya Cumhuriyeti'),
(119, 'Malavi'),
(120, 'Maldivler'),
(121, 'Malezya'),
(122, 'Mali'),
(123, 'Malta'),
(124, 'Marshall Adaları'),
(125, 'Meksika'),
(126, 'Mısır'),
(127, 'Mikronezya'),
(128, 'Moğolistan'),
(129, 'Moldova'),
(130, 'Monako'),
(131, 'Moritanya'),
(132, 'Moritus'),
(133, 'Mozambik'),
(134, 'Myanmar'),
(135, 'Namibya'),
(136, 'Nauru'),
(137, 'Nepal'),
(138, 'Nikaragua'),
(139, 'Nijer'),
(140, 'Nijerya'),
(141, 'Norveç'),
(142, 'Orta Afrika Cumhuriyeti'),
(143, 'Özbekistan'),
(144, 'Pakistan'),
(145, 'Palau'),
(146, 'Panama'),
(147, 'Papua Yeni Gine'),
(148, 'Paraguay'),
(149, 'Peru'),
(150, 'Polonya'),
(151, 'Portekiz'),
(152, 'Romanya'),
(153, 'Ruanda'),
(154, 'Rusya Federasyonu'),
(155, 'Saint Kitts ve Nevis'),
(156, 'Saint Lucia'),
(157, 'Saint Vincent ve Grenadinler'),
(158, 'Samoa'),
(159, 'San Marino'),
(160, 'Sao Tome ve Principe'),
(161, 'Sealand'),
(162, 'Senegal'),
(163, 'Seyşeller'),
(164, 'Sırbistan'),
(165, 'Sierra Leone'),
(166, 'Singapur'),
(167, 'Slovakya'),
(168, 'Slovenya'),
(169, 'Solomon Adaları'),
(170, 'Somali'),
(171, 'Somaliland'),
(172, 'Sri Lanka'),
(173, 'Sudan'),
(174, 'Surinam'),
(175, 'Suudi Arabistan'),
(176, 'Suriye'),
(177, 'Svaziland'),
(178, 'Şili'),
(179, 'Tacikistan'),
(180, 'Tamil Eelam'),
(181, 'Tanzanya'),
(182, 'Tayland'),
(183, 'Tayvan'),
(184, 'Togo'),
(185, 'Tonga'),
(186, 'Transdinyester'),
(187, 'Trinidad ve Tobago'),
(188, 'Tunus'),
(189, 'Tuvalu'),
(190, 'Türkiye'),
(191, 'Türkmenistan'),
(192, 'Uganda'),
(193, 'Ukrayna'),
(194, 'Umman'),
(195, 'Uruguay'),
(196, 'Ürdün'),
(197, 'Vanuatu'),
(198, 'Vatikan'),
(199, 'Venezuela'),
(200, 'Vietnam'),
(201, 'Yemen'),
(202, 'Yeni Zelanda'),
(203, 'Yeşil Burun'),
(204, 'Yunanistan'),
(205, 'Zambiya'),
(206, 'Zimbabve');

-- --------------------------------------------------------

--
-- Table structure for table `yonetici`
--

CREATE TABLE IF NOT EXISTS `yonetici` (
  `y_id` int(11) NOT NULL AUTO_INCREMENT,
  `kul_adi` varchar(50) COLLATE utf8_turkish_ci NOT NULL,
  `kul_pass` varchar(50) COLLATE utf8_turkish_ci NOT NULL,
  `yetki` int(11) NOT NULL,
  `onay` int(11) NOT NULL,
  `y_okul_id` int(11) NOT NULL DEFAULT '999999',
  `yetkili` varchar(255) COLLATE utf8_turkish_ci NOT NULL,
  PRIMARY KEY (`y_id`),
  UNIQUE KEY `kul_adi` (`kul_adi`)
) ENGINE=MyISAM  DEFAULT CHARSET=utf8 COLLATE=utf8_turkish_ci AUTO_INCREMENT=38 ;

--
-- Dumping data for table `yonetici`
--

INSERT INTO `yonetici` (`y_id`, `kul_adi`, `kul_pass`, `yetki`, `onay`, `y_okul_id`, `yetkili`) VALUES
(1, 'admin', 'mansur', 0, 2, 0, 'Super Admin'),
(2, 'ofis', 'ofis', 2, 2, 0, 'SIU International Students Office'),
(3, 'acenta', 'acenta', 3, 2, 1, 'Deneme Acenta'),
(4, 'acenta1', 'acenta1', 3, 2, 2, 'Deneme Acenta 1'),
(7, 'lore01', '123456', 3, 2, 6, 'RIDVAN GÜMÜŞTEN'),
(9, 'silk01', '123456', 3, 2, 5, 'SHAHEEN MALİK'),
(13, 'SSI', 'charles82', 3, 2, 7, 'Charles Ampah'),
(14, 'Adiuvo786', 'Fatimaaslam09', 3, 2, 8, 'Fatima Aslam'),
(15, 'Studyinturkey', 'My187187', 3, 2, 9, 'Mustafa yüce'),
(16, 'FNS CONSULTANTS', 'Ikram1976', 3, 2, 24, 'SHAIKH IKRAM AHMED'),
(17, 'Studentsarakan', 'A12345678A', 3, 2, 23, 'Ekrem dogan'),
(18, 'worldgate89', 'wges0987', 3, 2, 22, 'AHmad Rushdan'),
(19, 'sojiornothing', 'Gamoto', 3, 2, 21, 'DANIEL OLUSOJI EMMANUEL'),
(20, 'DCS EDUCARE  ', 'Reza1510@', 3, 2, 19, 'MD REZAUL KARIM'),
(21, 'ak consultants', 'Noor7880@', 3, 2, 18, 'Asghar Aftab Khan'),
(22, 'conzept', 'pakistan123', 3, 2, 17, 'Muhammad Irfan Ahsan'),
(23, 'globalconnect', 'baby2face', 3, 2, 16, 'Victor Akorede Aderoju'),
(24, 'Celtic Consultants', 'celtic@786', 3, 2, 15, 'Syed Farhan Ali'),
(25, 'aran', 'aran12345', 3, 2, 14, 'Dr. Ebrahim Aghazadeh'),
(26, 'crown', 'crown@2012', 3, 2, 15, 'Ayaz Khan'),
(27, 'jojihes', 'jawwadgg@1982', 3, 2, 25, 'Jawwad Ahmed'),
(28, 'booksembassy', 'ngbooks2018', 3, 2, 12, 'Sunny Akhigbe'),
(29, 'Best Consultants', 'ayan333', 3, 2, 11, 'Muhammad Tahir'),
(30, 'saiful', 'ssec1234', 3, 2, 10, 'md saiful islam'),
(31, 'foreigneducationgroup', '4301abcd', 3, 2, 29, 'Shahina Azeem Butt'),
(32, 'futurefalcon', '4301abcd', 3, 2, 27, 'syed Azeem Ali'),
(33, 'kcsc', 'Jourynet2000', 3, 2, 26, 'Mohamed Bashir'),
(34, 'gostudy', 'gostudy252525', 3, 2, 32, 'Abdelrahman '),
(35, 'puconsult_gh', '28febRd', 3, 2, 31, 'Lesley Obodai-Nartey'),
(36, 'merajintl', 'Meraj123.', 3, 2, 30, 'Shahbaz Ahmad'),
(37, 'overseas', 'bilal123', 3, 2, 33, 'Mayada Abdallah');

/*!40101 SET CHARACTER_SET_CLIENT=@OLD_CHARACTER_SET_CLIENT */;
/*!40101 SET CHARACTER_SET_RESULTS=@OLD_CHARACTER_SET_RESULTS */;
/*!40101 SET COLLATION_CONNECTION=@OLD_COLLATION_CONNECTION */;
